[{"model": "admin.logentry", "pk": 1, "fields": {"action_time": "2023-07-29T19:34:22.720Z", "user": 2, "content_type": 10, "object_id": "74f581f3-cca0-4506-beb3-95a8c938203a", "object_repr": "╪º┘ä┘à╪│╪¬┘ê┘è ╪º┘ä╪ú┘ê┘ä", "action_flag": 1, "change_message": "[{\"added\": {}}]"}}, {"model": "admin.logentry", "pk": 2, "fields": {"action_time": "2023-07-29T19:34:32.549Z", "user": 2, "content_type": 10, "object_id": "6b3aa176-2544-403e-8c05-a51fd36a4351", "object_repr": "╪º┘ä┘à╪│╪¬┘ê┘è ╪º┘ä╪½╪º┘å┘è", "action_flag": 1, "change_message": "[{\"added\": {}}]"}}, {"model": "admin.logentry", "pk": 3, "fields": {"action_time": "2023-07-29T19:34:44.034Z", "user": 2, "content_type": 10, "object_id": "ba6c0d1e-e63d-4d27-a689-c55e65611bd6", "object_repr": "╪º┘ä┘à╪│╪¬┘ê┘è ╪º┘ä╪½╪º┘ä╪½", "action_flag": 1, "change_message": "[{\"added\": {}}]"}}, {"model": "admin.logentry", "pk": 4, "fields": {"action_time": "2023-07-29T19:34:52.303Z", "user": 2, "content_type": 10, "object_id": "362754ed-35c2-41e8-8cfc-adc7b1178191", "object_repr": "╪º┘ä┘à╪│╪¬┘ê┘è ╪º┘ä╪▒╪º╪¿╪╣", "action_flag": 1, "change_message": "[{\"added\": {}}]"}}, {"model": "admin.logentry", "pk": 5, "fields": {"action_time": "2023-07-29T19:34:57.636Z", "user": 2, "content_type": 10, "object_id": "74f581f3-cca0-4506-beb3-95a8c938203a", "object_repr": "╪º┘ä┘à╪│╪¬┘ê┘è ╪º┘ä╪ú┘ê┘ä", "action_flag": 2, "change_message": "[{\"changed\": {\"fields\": [\"Next level\"]}}]"}}, {"model": "admin.logentry", "pk": 6, "fields": {"action_time": "2023-07-29T19:35:01.401Z", "user": 2, "content_type": 10, "object_id": "6b3aa176-2544-403e-8c05-a51fd36a4351", "object_repr": "╪º┘ä┘à╪│╪¬┘ê┘è ╪º┘ä╪½╪º┘å┘è", "action_flag": 2, "change_message": "[{\"changed\": {\"fields\": [\"Next level\"]}}]"}}, {"model": "admin.logentry", "pk": 7, "fields": {"action_time": "2023-07-29T19:35:06.545Z", "user": 2, "content_type": 10, "object_id": "ba6c0d1e-e63d-4d27-a689-c55e65611bd6", "object_repr": "╪º┘ä┘à╪│╪¬┘ê┘è ╪º┘ä╪½╪º┘ä╪½", "action_flag": 2, "change_message": "[{\"changed\": {\"fields\": [\"Next level\"]}}]"}}, {"model": "admin.logentry", "pk": 8, "fields": {"action_time": "2023-07-29T19:35:11.430Z", "user": 2, "content_type": 10, "object_id": "74f581f3-cca0-4506-beb3-95a8c938203a", "object_repr": "╪º┘ä┘à╪│╪¬┘ê┘è ╪º┘ä╪ú┘ê┘ä", "action_flag": 2, "change_message": "[]"}}, {"model": "admin.logentry", "pk": 9, "fields": {"action_time": "2023-07-29T19:38:24.499Z", "user": 2, "content_type": 9, "object_id": "410faf62-e732-4eb4-99bd-0ad117730406", "object_repr": "╪º┘ä╪╡┘ü ╪º┘é┘ä ┘à┘å ╪¡╪╢╪º┘å╪⌐ # 0", "action_flag": 1, "change_message": "[{\"added\": {}}]"}}, {"model": "admin.logentry", "pk": 10, "fields": {"action_time": "2023-07-29T19:38:32.184Z", "user": 2, "content_type": 9, "object_id": "d0b12a75-71bc-40e4-94ed-9745a604bef3", "object_repr": "╪º┘ä╪╡┘ü ╪¡╪╢╪º┘å╪⌐ # 1", "action_flag": 1, "change_message": "[{\"added\": {}}]"}}, {"model": "admin.logentry", "pk": 11, "fields": {"action_time": "2023-07-29T19:38:41.746Z", "user": 2, "content_type": 9, "object_id": "af153d90-953b-48e6-b8d8-ffa6e2a32320", "object_repr": "╪º┘ä╪╡┘ü ╪º┘ä╪º╪¿╪¬╪»╪º╪ª┘è # 2", "action_flag": 1, "change_message": "[{\"added\": {}}]"}}, {"model": "admin.logentry", "pk": 12, "fields": {"action_time": "2023-07-29T19:39:11.022Z", "user": 2, "content_type": 9, "object_id": "750700e2-0aa9-462f-83a8-de322f87cc7e", "object_repr": "╪º┘ä╪╡┘ü ╪º┘ä╪Ñ╪╣╪»╪º╪»┘è # 4", "action_flag": 1, "change_message": "[{\"added\": {}}]"}}, {"model": "admin.logentry", "pk": 13, "fields": {"action_time": "2023-07-29T19:40:28.482Z", "user": 2, "content_type": 9, "object_id": "c8fa8e83-73f0-45e5-a820-5e2c7d919239", "object_repr": "╪º┘ä╪╡┘ü ╪½╪º┘å┘ê┘è # 5", "action_flag": 1, "change_message": "[{\"added\": {}}]"}}, {"model": "admin.logentry", "pk": 14, "fields": {"action_time": "2023-07-29T19:40:33.402Z", "user": 2, "content_type": 9, "object_id": "410faf62-e732-4eb4-99bd-0ad117730406", "object_repr": "╪º┘ä╪╡┘ü ╪º┘é┘ä ┘à┘å ╪¡╪╢╪º┘å╪⌐ # 0", "action_flag": 2, "change_message": "[{\"changed\": {\"fields\": [\"Next level\"]}}]"}}, {"model": "admin.logentry", "pk": 15, "fields": {"action_time": "2023-07-29T19:40:37.914Z", "user": 2, "content_type": 9, "object_id": "d0b12a75-71bc-40e4-94ed-9745a604bef3", "object_repr": "╪º┘ä╪╡┘ü ╪¡╪╢╪º┘å╪⌐ # 1", "action_flag": 2, "change_message": "[{\"changed\": {\"fields\": [\"Next level\"]}}]"}}, {"model": "admin.logentry", "pk": 16, "fields": {"action_time": "2023-07-29T19:40:47.810Z", "user": 2, "content_type": 9, "object_id": "af153d90-953b-48e6-b8d8-ffa6e2a32320", "object_repr": "╪º┘ä╪╡┘ü ╪º┘ä╪º╪¿╪¬╪»╪º╪ª┘è # 2", "action_flag": 2, "change_message": "[{\"changed\": {\"fields\": [\"Next level\"]}}]"}}, {"model": "admin.logentry", "pk": 17, "fields": {"action_time": "2023-07-29T19:40:55.971Z", "user": 2, "content_type": 9, "object_id": "750700e2-0aa9-462f-83a8-de322f87cc7e", "object_repr": "╪º┘ä╪╡┘ü ╪º┘ä╪Ñ╪╣╪»╪º╪»┘è # 3", "action_flag": 2, "change_message": "[{\"changed\": {\"fields\": [\"Level number\", \"Next level\"]}}]"}}, {"model": "admin.logentry", "pk": 18, "fields": {"action_time": "2023-07-29T19:41:04.968Z", "user": 2, "content_type": 9, "object_id": "c8fa8e83-73f0-45e5-a820-5e2c7d919239", "object_repr": "╪º┘ä╪╡┘ü ╪½╪º┘å┘ê┘è # 4", "action_flag": 2, "change_message": "[{\"changed\": {\"fields\": [\"Level number\"]}}]"}}, {"model": "admin.logentry", "pk": 19, "fields": {"action_time": "2023-07-29T20:03:26.425Z", "user": 2, "content_type": 9, "object_id": "0b23ec22-3483-4227-884e-177432bc0b1f", "object_repr": "╪º┘ä╪╡┘ü ╪¼╪º┘à╪╣╪⌐ # 5", "action_flag": 1, "change_message": "[{\"added\": {}}]"}}, {"model": "admin.logentry", "pk": 20, "fields": {"action_time": "2023-07-29T20:03:37.411Z", "user": 2, "content_type": 9, "object_id": "07889dac-ae48-48b8-8d2b-683ee35d8ab2", "object_repr": "╪º┘ä╪╡┘ü ╪«╪▒┘è╪¼ # 6", "action_flag": 1, "change_message": "[{\"added\": {}}]"}}, {"model": "admin.logentry", "pk": 21, "fields": {"action_time": "2023-07-29T20:03:48.246Z", "user": 2, "content_type": 9, "object_id": "c8fa8e83-73f0-45e5-a820-5e2c7d919239", "object_repr": "╪º┘ä╪╡┘ü ╪½╪º┘å┘ê┘è # 4", "action_flag": 2, "change_message": "[{\"changed\": {\"fields\": [\"Next level\"]}}]"}}, {"model": "admin.logentry", "pk": 22, "fields": {"action_time": "2023-07-29T20:03:53.042Z", "user": 2, "content_type": 9, "object_id": "0b23ec22-3483-4227-884e-177432bc0b1f", "object_repr": "╪º┘ä╪╡┘ü ╪¼╪º┘à╪╣╪⌐ # 5", "action_flag": 2, "change_message": "[{\"changed\": {\"fields\": [\"Next level\"]}}]"}}, {"model": "admin.logentry", "pk": 23, "fields": {"action_time": "2023-07-29T20:03:53.089Z", "user": 2, "content_type": 9, "object_id": "0b23ec22-3483-4227-884e-177432bc0b1f", "object_repr": "╪º┘ä╪╡┘ü ╪¼╪º┘à╪╣╪⌐ # 5", "action_flag": 2, "change_message": "[]"}}, {"model": "admin.logentry", "pk": 24, "fields": {"action_time": "2023-07-29T20:05:28.913Z", "user": 2, "content_type": 9, "object_id": "410faf62-e732-4eb4-99bd-0ad117730406", "object_repr": "╪º┘ä╪╡┘ü ╪º┘é┘ä ┘à┘å ╪¡╪╢╪º┘å╪⌐ # 0", "action_flag": 2, "change_message": "[{\"changed\": {\"fields\": [\"Number of years\"]}}]"}}, {"model": "admin.logentry", "pk": 25, "fields": {"action_time": "2023-07-29T20:05:48.171Z", "user": 2, "content_type": 8, "object_id": "bccd9679-1e53-421b-92b5-5358b3f0342f", "object_repr": "None", "action_flag": 1, "change_message": "[{\"added\": {}}]"}}, {"model": "admin.logentry", "pk": 26, "fields": {"action_time": "2023-07-29T20:05:53.911Z", "user": 2, "content_type": 8, "object_id": "bccd9679-1e53-421b-92b5-5358b3f0342f", "object_repr": "None", "action_flag": 3, "change_message": ""}}, {"model": "admin.logentry", "pk": 27, "fields": {"action_time": "2023-07-29T20:05:57.872Z", "user": 2, "content_type": 8, "object_id": "175dd702-ffe8-4842-896c-5de4031eed2f", "object_repr": "None", "action_flag": 1, "change_message": "[{\"added\": {}}]"}}, {"model": "admin.logentry", "pk": 28, "fields": {"action_time": "2023-07-29T20:06:12.053Z", "user": 2, "content_type": 8, "object_id": "175dd702-ffe8-4842-896c-5de4031eed2f", "object_repr": "None", "action_flag": 3, "change_message": ""}}, {"model": "admin.logentry", "pk": 29, "fields": {"action_time": "2023-07-30T17:14:58.501Z", "user": 2, "content_type": 4, "object_id": "3", "object_repr": "test", "action_flag": 1, "change_message": "[{\"added\": {}}]"}}, {"model": "admin.logentry", "pk": 30, "fields": {"action_time": "2023-07-30T17:15:11.170Z", "user": 2, "content_type": 4, "object_id": "3", "object_repr": "test", "action_flag": 3, "change_message": ""}}, {"model": "admin.logentry", "pk": 31, "fields": {"action_time": "2023-07-30T17:33:13.141Z", "user": 2, "content_type": 4, "object_id": "5", "object_repr": "test", "action_flag": 1, "change_message": "[{\"added\": {}}]"}}, {"model": "admin.logentry", "pk": 32, "fields": {"action_time": "2023-07-30T17:38:14.991Z", "user": 2, "content_type": 7, "object_id": "df0213f0-2fa5-411b-ab1c-60a6eba82877", "object_repr": " test", "action_flag": 3, "change_message": ""}}, {"model": "admin.logentry", "pk": 33, "fields": {"action_time": "2023-07-30T18:10:57.793Z", "user": 2, "content_type": 4, "object_id": "6", "object_repr": "2300006", "action_flag": 1, "change_message": "[{\"added\": {}}]"}}, {"model": "admin.logentry", "pk": 34, "fields": {"action_time": "2023-07-30T18:11:11.752Z", "user": 2, "content_type": 4, "object_id": "6", "object_repr": "test", "action_flag": 2, "change_message": "[]"}}, {"model": "admin.logentry", "pk": 35, "fields": {"action_time": "2023-07-30T18:11:45.139Z", "user": 2, "content_type": 4, "object_id": "6", "object_repr": "test", "action_flag": 3, "change_message": ""}}, {"model": "admin.logentry", "pk": 36, "fields": {"action_time": "2023-07-30T18:11:57.031Z", "user": 2, "content_type": 4, "object_id": "7", "object_repr": "2300007", "action_flag": 1, "change_message": "[{\"added\": {}}]"}}, {"model": "admin.logentry", "pk": 37, "fields": {"action_time": "2023-07-30T18:12:12.096Z", "user": 2, "content_type": 4, "object_id": "7", "object_repr": "2300007", "action_flag": 3, "change_message": ""}}, {"model": "admin.logentry", "pk": 38, "fields": {"action_time": "2023-07-31T11:28:35.303Z", "user": 2, "content_type": 8, "object_id": "0da9610f-a92a-4c9e-a6b0-26fde2ba6fcc", "object_repr": "", "action_flag": 1, "change_message": "[{\"added\": {}}]"}}, {"model": "admin.logentry", "pk": 39, "fields": {"action_time": "2023-07-31T11:28:42.100Z", "user": 2, "content_type": 8, "object_id": "0da9610f-a92a-4c9e-a6b0-26fde2ba6fcc", "object_repr": "", "action_flag": 3, "change_message": ""}}, {"model": "admin.logentry", "pk": 40, "fields": {"action_time": "2023-07-31T11:30:07.751Z", "user": 2, "content_type": 8, "object_id": "2e3f9832-b2f1-4c5c-ab9b-f5659b34ae75", "object_repr": "┘à╪¿┘å╪º: ┘ä┘ê╪¬╪│, ╪┤╪º╪▒╪╣: ╪¼┘à┘è┘ä╪⌐ ╪º╪¿┘ê ╪¡╪▒┘è╪», ┘ü╪▒╪╣ ┘à┘å: ┘è┘é┘ê╪¬ ╪º┘ä╪¡┘à┘ê┘è, ╪º┘ä╪╖╪º╪¿┘é: 7, ╪▒┘é┘à ╪º┘ä╪┤┘é╪⌐: 704, ╪º┘ä╪¡┘è: ╪º┘ä╪│┘è┘ê┘ü, ╪¬┘ü╪º╪╡┘è┘ä ╪Ñ╪╢╪º┘ü┘è╪⌐: ╪¿╪¼┘ê╪º╪▒ ┘à╪º╪▒┘â╪¬ ┘à╪╡╪¿╪º╪¡", "action_flag": 1, "change_message": "[{\"added\": {}}]"}}, {"model": "admin.logentry", "pk": 41, "fields": {"action_time": "2023-07-31T12:38:49.352Z", "user": 2, "content_type": 4, "object_id": "8", "object_repr": "2300008", "action_flag": 1, "change_message": "[{\"added\": {}}]"}}, {"model": "admin.logentry", "pk": 42, "fields": {"action_time": "2023-07-31T12:38:55.538Z", "user": 2, "content_type": 4, "object_id": "8", "object_repr": "2300008", "action_flag": 2, "change_message": "[]"}}, {"model": "admin.logentry", "pk": 43, "fields": {"action_time": "2023-07-31T12:53:33.029Z", "user": 2, "content_type": 7, "object_id": "d4dd0583-4502-4033-a612-56088cfc53ec", "object_repr": "╪¼╪▒╪¼╪│ ╪╣╪¿┘è╪» ┘à╪¡┘à┘ê╪» ╪╣┘à╪º╪» 2300008", "action_flag": 2, "change_message": "[{\"changed\": {\"fields\": [\"Name\", \"Birthdate\", \"Talmza level\", \"School level\", \"Address\", \"Gender\", \"Phone number\", \"Father phone number\", \"Mother phone number\", \"Mobile follow up on WhatsApp\", \"ConfessionFather\", \"Deaconess\"]}}]"}}, {"model": "admin.logentry", "pk": 44, "fields": {"action_time": "2023-07-31T13:07:33.300Z", "user": 2, "content_type": 10, "object_id": "32e4d997-c061-4018-8a06-02e2cf0aef57", "object_repr": "╪º┘ä┘à╪│╪¬┘ê┘è ╪º┘é┘ä ┘à┘å ╪¬┘à┘ç┘è╪»┘è # 0", "action_flag": 1, "change_message": "[{\"added\": {}}]"}}, {"model": "admin.logentry", "pk": 45, "fields": {"action_time": "2023-07-31T13:07:56.194Z", "user": 2, "content_type": 10, "object_id": "d2be3f99-4708-4d55-bee7-49c24094c125", "object_repr": "╪º┘ä┘à╪│╪¬┘ê┘è ╪¬┘à┘ç┘è╪»┘è # 1", "action_flag": 1, "change_message": "[{\"added\": {}}]"}}, {"model": "admin.logentry", "pk": 46, "fields": {"action_time": "2023-07-31T13:08:10.292Z", "user": 2, "content_type": 10, "object_id": "362754ed-35c2-41e8-8cfc-adc7b1178191", "object_repr": "╪º┘ä┘à╪│╪¬┘ê┘è ╪º┘ä╪▒╪º╪¿╪╣ # 5", "action_flag": 2, "change_message": "[{\"changed\": {\"fields\": [\"Level number\"]}}]"}}, {"model": "admin.logentry", "pk": 47, "fields": {"action_time": "2023-07-31T13:08:41.342Z", "user": 2, "content_type": 10, "object_id": "74f581f3-cca0-4506-beb3-95a8c938203a", "object_repr": "╪º┘ä┘à╪│╪¬┘ê┘è ╪º┘ä╪ú┘ê┘ä # 2", "action_flag": 2, "change_message": "[{\"changed\": {\"fields\": [\"Level number\"]}}]"}}, {"model": "admin.logentry", "pk": 48, "fields": {"action_time": "2023-07-31T13:08:46.148Z", "user": 2, "content_type": 10, "object_id": "6b3aa176-2544-403e-8c05-a51fd36a4351", "object_repr": "╪º┘ä┘à╪│╪¬┘ê┘è ╪º┘ä╪½╪º┘å┘è # 3", "action_flag": 2, "change_message": "[{\"changed\": {\"fields\": [\"Level number\"]}}]"}}, {"model": "admin.logentry", "pk": 49, "fields": {"action_time": "2023-07-31T13:08:52.430Z", "user": 2, "content_type": 10, "object_id": "ba6c0d1e-e63d-4d27-a689-c55e65611bd6", "object_repr": "╪º┘ä┘à╪│╪¬┘ê┘è ╪º┘ä╪½╪º┘ä╪½ # 4", "action_flag": 2, "change_message": "[{\"changed\": {\"fields\": [\"Level number\"]}}]"}}, {"model": "admin.logentry", "pk": 50, "fields": {"action_time": "2023-07-31T13:09:05.444Z", "user": 2, "content_type": 10, "object_id": "32e4d997-c061-4018-8a06-02e2cf0aef57", "object_repr": "╪º┘ä┘à╪│╪¬┘ê┘è ╪º┘é┘ä ┘à┘å ╪¬┘à┘ç┘è╪»┘è # 0", "action_flag": 2, "change_message": "[{\"changed\": {\"fields\": [\"Next level\"]}}]"}}, {"model": "admin.logentry", "pk": 51, "fields": {"action_time": "2023-07-31T13:09:15.652Z", "user": 2, "content_type": 10, "object_id": "d2be3f99-4708-4d55-bee7-49c24094c125", "object_repr": "╪º┘ä┘à╪│╪¬┘ê┘è ╪¬┘à┘ç┘è╪»┘è # 1", "action_flag": 2, "change_message": "[{\"changed\": {\"fields\": [\"Next level\"]}}]"}}, {"model": "admin.logentry", "pk": 52, "fields": {"action_time": "2023-07-31T14:33:13.137Z", "user": 2, "content_type": 10, "object_id": "d2be3f99-4708-4d55-bee7-49c24094c125", "object_repr": "╪º┘ä┘à╪│╪¬┘ê┘è ╪¬┘à┘ç┘è╪»┘è # 1", "action_flag": 2, "change_message": "[{\"changed\": {\"fields\": [\"Prevues level\"]}}]"}}, {"model": "admin.logentry", "pk": 53, "fields": {"action_time": "2023-07-31T14:33:34.620Z", "user": 2, "content_type": 10, "object_id": "d2be3f99-4708-4d55-bee7-49c24094c125", "object_repr": "╪º┘ä┘à╪│╪¬┘ê┘è ╪¬┘à┘ç┘è╪»┘è # 1", "action_flag": 2, "change_message": "[{\"changed\": {\"fields\": [\"Prevues level\"]}}]"}}, {"model": "admin.logentry", "pk": 54, "fields": {"action_time": "2023-07-31T14:33:43.721Z", "user": 2, "content_type": 10, "object_id": "d2be3f99-4708-4d55-bee7-49c24094c125", "object_repr": "╪º┘ä┘à╪│╪¬┘ê┘è ╪¬┘à┘ç┘è╪»┘è # 1", "action_flag": 2, "change_message": "[]"}}, {"model": "admin.logentry", "pk": 55, "fields": {"action_time": "2023-07-31T14:33:48.699Z", "user": 2, "content_type": 10, "object_id": "74f581f3-cca0-4506-beb3-95a8c938203a", "object_repr": "╪º┘ä┘à╪│╪¬┘ê┘è ╪º┘ä╪ú┘ê┘ä # 2", "action_flag": 2, "change_message": "[{\"changed\": {\"fields\": [\"Prevues level\"]}}]"}}, {"model": "admin.logentry", "pk": 56, "fields": {"action_time": "2023-07-31T14:33:52.905Z", "user": 2, "content_type": 10, "object_id": "6b3aa176-2544-403e-8c05-a51fd36a4351", "object_repr": "╪º┘ä┘à╪│╪¬┘ê┘è ╪º┘ä╪½╪º┘å┘è # 3", "action_flag": 2, "change_message": "[{\"changed\": {\"fields\": [\"Prevues level\"]}}]"}}, {"model": "admin.logentry", "pk": 57, "fields": {"action_time": "2023-07-31T14:33:57.798Z", "user": 2, "content_type": 10, "object_id": "ba6c0d1e-e63d-4d27-a689-c55e65611bd6", "object_repr": "╪º┘ä┘à╪│╪¬┘ê┘è ╪º┘ä╪½╪º┘ä╪½ # 4", "action_flag": 2, "change_message": "[{\"changed\": {\"fields\": [\"Prevues level\"]}}]"}}, {"model": "admin.logentry", "pk": 58, "fields": {"action_time": "2023-07-31T14:34:02.538Z", "user": 2, "content_type": 10, "object_id": "362754ed-35c2-41e8-8cfc-adc7b1178191", "object_repr": "╪º┘ä┘à╪│╪¬┘ê┘è ╪º┘ä╪▒╪º╪¿╪╣ # 5", "action_flag": 2, "change_message": "[{\"changed\": {\"fields\": [\"Prevues level\"]}}]"}}, {"model": "admin.logentry", "pk": 59, "fields": {"action_time": "2023-07-31T14:34:32.756Z", "user": 2, "content_type": 9, "object_id": "d0b12a75-71bc-40e4-94ed-9745a604bef3", "object_repr": "╪º┘ä╪╡┘ü ╪¡╪╢╪º┘å╪⌐ # 1", "action_flag": 2, "change_message": "[{\"changed\": {\"fields\": [\"Prevues level\"]}}]"}}, {"model": "admin.logentry", "pk": 60, "fields": {"action_time": "2023-07-31T14:35:37.886Z", "user": 2, "content_type": 9, "object_id": "af153d90-953b-48e6-b8d8-ffa6e2a32320", "object_repr": "# 2 ╪º┘ä╪╡┘ü ╪º┘ä╪º╪¿╪¬╪»╪º╪ª┘è", "action_flag": 2, "change_message": "[{\"changed\": {\"fields\": [\"Prevues level\"]}}]"}}, {"model": "admin.logentry", "pk": 61, "fields": {"action_time": "2023-07-31T14:35:41.909Z", "user": 2, "content_type": 9, "object_id": "750700e2-0aa9-462f-83a8-de322f87cc7e", "object_repr": "# 3 ╪º┘ä╪╡┘ü ╪º┘ä╪Ñ╪╣╪»╪º╪»┘è", "action_flag": 2, "change_message": "[{\"changed\": {\"fields\": [\"Prevues level\"]}}]"}}, {"model": "admin.logentry", "pk": 62, "fields": {"action_time": "2023-07-31T14:35:47.264Z", "user": 2, "content_type": 9, "object_id": "c8fa8e83-73f0-45e5-a820-5e2c7d919239", "object_repr": "# 4 ╪º┘ä╪╡┘ü ╪½╪º┘å┘ê┘è", "action_flag": 2, "change_message": "[{\"changed\": {\"fields\": [\"Prevues level\"]}}]"}}, {"model": "admin.logentry", "pk": 63, "fields": {"action_time": "2023-07-31T14:35:55.591Z", "user": 2, "content_type": 9, "object_id": "0b23ec22-3483-4227-884e-177432bc0b1f", "object_repr": "# 5 ╪º┘ä╪╡┘ü ╪¼╪º┘à╪╣╪⌐", "action_flag": 2, "change_message": "[{\"changed\": {\"fields\": [\"Prevues level\"]}}]"}}, {"model": "admin.logentry", "pk": 64, "fields": {"action_time": "2023-07-31T14:37:06.551Z", "user": 2, "content_type": 9, "object_id": "07889dac-ae48-48b8-8d2b-683ee35d8ab2", "object_repr": "# 6 ╪º┘ä╪╡┘ü ╪«╪▒┘è╪¼", "action_flag": 2, "change_message": "[{\"changed\": {\"fields\": [\"Prevues level\"]}}]"}}, {"model": "admin.logentry", "pk": 65, "fields": {"action_time": "2023-07-31T14:42:24.834Z", "user": 2, "content_type": 7, "object_id": "d4dd0583-4502-4033-a612-56088cfc53ec", "object_repr": "╪¼╪▒╪¼╪│ ╪╣╪¿┘è╪» ┘à╪¡┘à┘ê╪» ╪╣┘à╪º╪» 2300008", "action_flag": 2, "change_message": "[{\"changed\": {\"fields\": [\"Talmza level\"]}}]"}}, {"model": "admin.logentry", "pk": 66, "fields": {"action_time": "2023-07-31T14:44:05.331Z", "user": 2, "content_type": 10, "object_id": "32e4d997-c061-4018-8a06-02e2cf0aef57", "object_repr": "# 0 ╪º┘ä┘à╪│╪¬┘ê┘è ╪º┘é┘ä ┘à┘å ╪¬┘à┘ç┘è╪»┘è", "action_flag": 2, "change_message": "[]"}}, {"model": "admin.logentry", "pk": 67, "fields": {"action_time": "2023-07-31T14:45:13.030Z", "user": 2, "content_type": 7, "object_id": "d4dd0583-4502-4033-a612-56088cfc53ec", "object_repr": "╪¼╪▒╪¼╪│ ╪╣╪¿┘è╪» ┘à╪¡┘à┘ê╪» ╪╣┘à╪º╪» 2300008", "action_flag": 2, "change_message": "[{\"changed\": {\"fields\": [\"CurrentTalmzaLevelYear\"]}}]"}}, {"model": "admin.logentry", "pk": 68, "fields": {"action_time": "2023-07-31T14:45:36.051Z", "user": 2, "content_type": 7, "object_id": "d4dd0583-4502-4033-a612-56088cfc53ec", "object_repr": "╪¼╪▒╪¼╪│ ╪╣╪¿┘è╪» ┘à╪¡┘à┘ê╪» ╪╣┘à╪º╪» 2300008", "action_flag": 2, "change_message": "[{\"changed\": {\"fields\": [\"Talmza level\", \"CurrentTalmzaLevelYear\"]}}]"}}, {"model": "admin.logentry", "pk": 69, "fields": {"action_time": "2023-07-31T14:52:07.287Z", "user": 2, "content_type": 7, "object_id": "d4dd0583-4502-4033-a612-56088cfc53ec", "object_repr": "╪¼╪▒╪¼╪│ ╪╣╪¿┘è╪» ┘à╪¡┘à┘ê╪» ╪╣┘à╪º╪» 2300008", "action_flag": 2, "change_message": "[{\"changed\": {\"fields\": [\"Talmza level\"]}}]"}}, {"model": "admin.logentry", "pk": 70, "fields": {"action_time": "2023-07-31T15:01:13.956Z", "user": 2, "content_type": 7, "object_id": "d4dd0583-4502-4033-a612-56088cfc53ec", "object_repr": "╪¼╪▒╪¼╪│ ╪╣╪¿┘è╪» ┘à╪¡┘à┘ê╪» ╪╣┘à╪º╪» 2300008", "action_flag": 2, "change_message": "[{\"changed\": {\"fields\": [\"School level\", \"CurrentSchoolLevelYear\"]}}]"}}, {"model": "admin.logentry", "pk": 71, "fields": {"action_time": "2023-07-31T15:52:28.137Z", "user": 2, "content_type": 7, "object_id": "d4dd0583-4502-4033-a612-56088cfc53ec", "object_repr": "╪¼╪▒╪¼╪│ ╪╣╪¿┘è╪» ┘à╪¡┘à┘ê╪» ╪╣┘à╪º╪»X 2300008", "action_flag": 2, "change_message": "[{\"changed\": {\"fields\": [\"Name\"]}}]"}}, {"model": "admin.logentry", "pk": 72, "fields": {"action_time": "2023-07-31T15:53:49.445Z", "user": 2, "content_type": 4, "object_id": "9", "object_repr": "2300009", "action_flag": 1, "change_message": "[{\"added\": {}}]"}}, {"model": "admin.logentry", "pk": 73, "fields": {"action_time": "2023-07-31T15:53:51.969Z", "user": 2, "content_type": 4, "object_id": "9", "object_repr": "2300009", "action_flag": 2, "change_message": "[]"}}, {"model": "admin.logentry", "pk": 74, "fields": {"action_time": "2023-07-31T15:59:22.951Z", "user": 2, "content_type": 8, "object_id": "b8e42c89-a886-4ec6-9f96-095c6c29f573", "object_repr": "┘à╪¿┘å╪º: ┘ä┘ê╪¬╪│, ╪┤╪º╪▒╪╣: ╪¼┘à┘è┘ä╪⌐ ╪º╪¿┘ê ╪¡╪▒┘è╪», ┘à╪¬┘ü╪▒╪╣ ┘à┘å: ┘è┘é┘ê╪¬ ╪º┘ä╪¡┘à┘ê┘è, ╪º┘ä╪╖╪º╪¿┘é: 7, ╪▒┘é┘à ╪º┘ä╪┤┘é╪⌐: 704, ╪º┘ä╪¡┘è: ╪º┘ä╪│┘è┘ê┘ü, ╪¬┘ü╪º╪╡┘è┘ä ╪Ñ╪╢╪º┘ü┘è╪⌐: ╪¿╪¼┘ê╪º╪▒ ┘à╪º╪▒┘â╪¬ ┘à╪╡╪¿╪º╪¡", "action_flag": 1, "change_message": "[{\"added\": {}}]"}}, {"model": "admin.logentry", "pk": 75, "fields": {"action_time": "2023-07-31T15:59:36.366Z", "user": 2, "content_type": 7, "object_id": "b27d3b20-9f9c-4b81-bc38-de70d4996bbb", "object_repr": "╪¼┘ê╪▒╪¼ ╪│╪»┘é┘è ┘à╪¬╪¡╪¬ ╪╣╪¿╪»╪º┘ä╪║┘ü┘ê╪▒X 2300009", "action_flag": 2, "change_message": "[{\"changed\": {\"fields\": [\"Name\", \"Birthdate\", \"Talmza level\", \"CurrentTalmzaLevelYear\", \"School level\", \"CurrentSchoolLevelYear\", \"Address\", \"Gender\", \"Phone number\", \"Father phone number\", \"Mother phone number\", \"Mobile follow up on WhatsApp\", \"ConfessionFather\", \"Deaconess\"]}}]"}}, {"model": "admin.logentry", "pk": 76, "fields": {"action_time": "2023-07-31T15:59:51.027Z", "user": 2, "content_type": 4, "object_id": "12", "object_repr": "2300012", "action_flag": 1, "change_message": "[{\"added\": {}}]"}}, {"model": "admin.logentry", "pk": 77, "fields": {"action_time": "2023-07-31T15:59:53.234Z", "user": 2, "content_type": 4, "object_id": "12", "object_repr": "2300012", "action_flag": 2, "change_message": "[]"}}, {"model": "admin.logentry", "pk": 78, "fields": {"action_time": "2023-07-31T16:01:08.260Z", "user": 2, "content_type": 8, "object_id": "c76010b9-a1bd-4239-9140-7c1115789b85", "object_repr": "┘à╪¿┘å╪º: ┘ä┘ê╪¬╪│, ╪┤╪º╪▒╪╣: ╪¼┘à┘è┘ä╪⌐ ╪º╪¿┘ê ╪¡╪▒┘è╪», ┘à╪¬┘ü╪▒╪╣ ┘à┘å: ┘è┘é┘ê╪¬ ╪º┘ä╪¡┘à┘ê┘è, ╪º┘ä╪╖╪º╪¿┘é: 7, ╪▒┘é┘à ╪º┘ä╪┤┘é╪⌐: 704, ╪º┘ä╪¡┘è: ╪º┘ä╪│┘è┘ê┘ü, ╪¬┘ü╪º╪╡┘è┘ä ╪Ñ╪╢╪º┘ü┘è╪⌐: ╪¿╪¼┘ê╪º╪▒ ┘à╪º╪▒┘â╪¬ ┘à╪╡╪¿╪º╪¡", "action_flag": 1, "change_message": "[{\"added\": {}}]"}}, {"model": "admin.logentry", "pk": 79, "fields": {"action_time": "2023-07-31T16:01:35.429Z", "user": 2, "content_type": 7, "object_id": "30438371-1291-4ebd-9a94-23b19ae7b180", "object_repr": "┘à┘è┘å╪º ╪╣┘à╪º╪» ╪¿┘è╪┤┘ê┘è ┘ü╪¬╪¡┘èX 2300012", "action_flag": 2, "change_message": "[{\"changed\": {\"fields\": [\"Name\", \"Birthdate\", \"Talmza level\", \"CurrentTalmzaLevelYear\", \"School level\", \"Address\", \"Gender\", \"Phone number\", \"Father phone number\", \"Mother phone number\", \"Mobile follow up on WhatsApp\", \"ConfessionFather\", \"Deaconess\"]}}]"}}, {"model": "admin.logentry", "pk": 80, "fields": {"action_time": "2023-07-31T16:01:47.384Z", "user": 2, "content_type": 4, "object_id": "13", "object_repr": "2300013", "action_flag": 1, "change_message": "[{\"added\": {}}]"}}, {"model": "admin.logentry", "pk": 81, "fields": {"action_time": "2023-07-31T16:01:49.483Z", "user": 2, "content_type": 4, "object_id": "13", "object_repr": "2300013", "action_flag": 2, "change_message": "[]"}}, {"model": "admin.logentry", "pk": 82, "fields": {"action_time": "2023-07-31T16:03:02.079Z", "user": 2, "content_type": 8, "object_id": "72e74c5f-e753-4852-8ad8-7fd2d76783dd", "object_repr": "┘à╪¿┘å╪º: ┘ä┘ê╪¬╪│, ╪┤╪º╪▒╪╣: ╪¼┘à┘è┘ä╪⌐ ╪º╪¿┘ê ╪¡╪▒┘è╪», ┘à╪¬┘ü╪▒╪╣ ┘à┘å: ┘è┘é┘ê╪¬ ╪º┘ä╪¡┘à┘ê┘è, ╪º┘ä╪╖╪º╪¿┘é: 7, ╪▒┘é┘à ╪º┘ä╪┤┘é╪⌐: 704, ╪º┘ä╪¡┘è: ╪º┘ä╪│┘è┘ê┘ü, ╪¬┘ü╪º╪╡┘è┘ä ╪Ñ╪╢╪º┘ü┘è╪⌐: ╪¿╪¼┘ê╪º╪▒ ┘à╪º╪▒┘â╪¬ ┘à╪╡╪¿╪º╪¡", "action_flag": 1, "change_message": "[{\"added\": {}}]"}}, {"model": "admin.logentry", "pk": 83, "fields": {"action_time": "2023-07-31T16:03:29.845Z", "user": 2, "content_type": 7, "object_id": "a9ae08e4-16a0-4237-af3b-c872f789ee79", "object_repr": "╪▒┘è╪¬╪º ╪¼┘à╪º┘ä ┘à┘ä╪º┘â ╪┤╪▒╪¿╪º╪¬ 2300013", "action_flag": 2, "change_message": "[{\"changed\": {\"fields\": [\"Name\", \"Birthdate\", \"Talmza level\", \"School level\", \"Address\", \"Gender\", \"Phone number\", \"Father phone number\", \"Mother phone number\", \"Mobile follow up on WhatsApp\", \"ConfessionFather\", \"Deaconess\"]}}]"}}, {"model": "admin.logentry", "pk": 84, "fields": {"action_time": "2023-07-31T17:22:01.288Z", "user": 2, "content_type": 7, "object_id": "d4dd0583-4502-4033-a612-56088cfc53ec", "object_repr": "╪¼╪▒╪¼╪│ ╪╣╪¿┘è╪» ┘à╪¡┘à┘ê╪» ╪╣┘à╪º╪»X 2300008", "action_flag": 2, "change_message": "[{\"changed\": {\"fields\": [\"Talmza level\"]}}]"}}, {"model": "admin.logentry", "pk": 85, "fields": {"action_time": "2023-07-31T17:22:06.758Z", "user": 2, "content_type": 7, "object_id": "b27d3b20-9f9c-4b81-bc38-de70d4996bbb", "object_repr": "╪¼┘ê╪▒╪¼ ╪│╪»┘é┘è ┘à╪¬╪¡╪¬ ╪╣╪¿╪»╪º┘ä╪║┘ü┘ê╪▒X 2300009", "action_flag": 2, "change_message": "[{\"changed\": {\"fields\": [\"Talmza level\"]}}]"}}, {"model": "admin.logentry", "pk": 86, "fields": {"action_time": "2023-07-31T17:28:49.167Z", "user": 2, "content_type": 7, "object_id": "d4dd0583-4502-4033-a612-56088cfc53ec", "object_repr": "╪¼╪▒╪¼╪│ ╪╣╪¿┘è╪» ┘à╪¡┘à┘ê╪» ╪╣┘à╪º╪»X 2300008", "action_flag": 2, "change_message": "[{\"changed\": {\"fields\": [\"School level\"]}}]"}}, {"model": "admin.logentry", "pk": 87, "fields": {"action_time": "2023-07-31T17:28:57.316Z", "user": 2, "content_type": 7, "object_id": "b27d3b20-9f9c-4b81-bc38-de70d4996bbb", "object_repr": "╪¼┘ê╪▒╪¼ ╪│╪»┘é┘è ┘à╪¬╪¡╪¬ ╪╣╪¿╪»╪º┘ä╪║┘ü┘ê╪▒X 2300009", "action_flag": 2, "change_message": "[{\"changed\": {\"fields\": [\"School level\"]}}]"}}, {"model": "admin.logentry", "pk": 88, "fields": {"action_time": "2023-07-31T17:29:09.160Z", "user": 2, "content_type": 7, "object_id": "30438371-1291-4ebd-9a94-23b19ae7b180", "object_repr": "┘à┘è┘å╪º ╪╣┘à╪º╪» ╪¿┘è╪┤┘ê┘è ┘ü╪¬╪¡┘èX 2300012", "action_flag": 2, "change_message": "[]"}}, {"model": "admin.logentry", "pk": 89, "fields": {"action_time": "2023-07-31T17:29:15.835Z", "user": 2, "content_type": 7, "object_id": "a9ae08e4-16a0-4237-af3b-c872f789ee79", "object_repr": "╪▒┘è╪¬╪º ╪¼┘à╪º┘ä ┘à┘ä╪º┘â ╪┤╪▒╪¿╪º╪¬ 2300013", "action_flag": 2, "change_message": "[]"}}, {"model": "admin.logentry", "pk": 90, "fields": {"action_time": "2023-07-31T17:38:02.978Z", "user": 2, "content_type": 7, "object_id": "b27d3b20-9f9c-4b81-bc38-de70d4996bbb", "object_repr": "╪¼┘ê╪▒╪¼ ╪│╪»┘é┘è ┘à╪¬╪¡╪¬ ╪╣╪¿╪»╪º┘ä╪║┘ü┘ê╪▒X 2300009", "action_flag": 2, "change_message": "[{\"changed\": {\"fields\": [\"CurrentSchoolLevelYear\"]}}]"}}, {"model": "admin.logentry", "pk": 91, "fields": {"action_time": "2023-07-31T19:22:33.679Z", "user": 2, "content_type": 4, "object_id": "14", "object_repr": "2300014", "action_flag": 1, "change_message": "[{\"added\": {}}]"}}, {"model": "admin.logentry", "pk": 92, "fields": {"action_time": "2023-07-31T19:22:35.483Z", "user": 2, "content_type": 4, "object_id": "14", "object_repr": "2300014", "action_flag": 2, "change_message": "[]"}}, {"model": "admin.logentry", "pk": 93, "fields": {"action_time": "2023-07-31T19:22:51.952Z", "user": 2, "content_type": 4, "object_id": "14", "object_repr": "delete", "action_flag": 2, "change_message": "[{\"changed\": {\"fields\": [\"Username\"]}}]"}}, {"model": "admin.logentry", "pk": 94, "fields": {"action_time": "2023-07-31T20:54:29.658Z", "user": 2, "content_type": 8, "object_id": "ee026d8d-40b2-419c-8d4e-ff08049b7c9d", "object_repr": "┘à╪¿┘å╪º: ┘ä┘ê╪¬╪│, ╪┤╪º╪▒╪╣: ╪¼┘à┘è┘ä╪⌐ ╪º╪¿┘ê ╪¡╪▒┘è╪», ┘à╪¬┘ü╪▒╪╣ ┘à┘å: ┘è┘é┘ê╪¬ ╪º┘ä╪¡┘à┘ê┘è, ╪º┘ä╪╖╪º╪¿┘é: 7, ╪▒┘é┘à ╪º┘ä╪┤┘é╪⌐: 704, ╪º┘ä╪¡┘è: ╪º┘ä╪│┘è┘ê┘ü, ╪¬┘ü╪º╪╡┘è┘ä ╪Ñ╪╢╪º┘ü┘è╪⌐: ╪¿╪¼┘ê╪º╪▒ ┘à╪º╪▒┘â╪¬ ┘à╪╡╪¿╪º╪¡", "action_flag": 1, "change_message": "[{\"added\": {}}]"}}, {"model": "admin.logentry", "pk": 95, "fields": {"action_time": "2023-07-31T21:21:00.873Z", "user": 2, "content_type": 7, "object_id": "7a44d4d7-2685-41c3-9551-282b5f825ba4", "object_repr": "╪┤╪º╪»┘è ╪¼╪▒╪¼╪│ ╪╡┘à┘ê╪ª┘è┘ä ┘ü╪¬╪¡┘è delete", "action_flag": 3, "change_message": ""}}, {"model": "admin.logentry", "pk": 96, "fields": {"action_time": "2023-07-31T21:24:04.339Z", "user": 2, "content_type": 4, "object_id": "14", "object_repr": "delete", "action_flag": 3, "change_message": ""}}, {"model": "admin.logentry", "pk": 97, "fields": {"action_time": "2023-07-31T21:44:42.046Z", "user": 2, "content_type": 4, "object_id": "15", "object_repr": "2300015", "action_flag": 1, "change_message": "[{\"added\": {}}]"}}, {"model": "admin.logentry", "pk": 98, "fields": {"action_time": "2023-07-31T21:44:51.178Z", "user": 2, "content_type": 4, "object_id": "15", "object_repr": "delete", "action_flag": 2, "change_message": "[{\"changed\": {\"fields\": [\"Username\"]}}]"}}, {"model": "admin.logentry", "pk": 99, "fields": {"action_time": "2023-08-02T17:45:19.582Z", "user": 2, "content_type": 10, "object_id": "ba6c0d1e-e63d-4d27-a689-c55e65611bd6", "object_repr": " ╪º┘ä┘à╪│╪¬┘ê┘è ╪º┘ä╪½╪º┘ä╪½", "action_flag": 2, "change_message": "[{\"changed\": {\"fields\": [\"Number of years\"]}}]"}}, {"model": "admin.logentry", "pk": 100, "fields": {"action_time": "2023-08-02T17:47:32.590Z", "user": 2, "content_type": 10, "object_id": "ba6c0d1e-e63d-4d27-a689-c55e65611bd6", "object_repr": " ╪º┘ä┘à╪│╪¬┘ê┘è ╪º┘ä╪½╪º┘ä╪½", "action_flag": 2, "change_message": "[{\"changed\": {\"fields\": [\"Number of years\"]}}]"}}, {"model": "admin.logentry", "pk": 101, "fields": {"action_time": "2023-08-02T17:59:49.605Z", "user": 2, "content_type": 7, "object_id": "2b86e0bd-2981-44a1-950c-b5d9ac3fc793", "object_repr": "╪┤fsdaf╪º╪»┘è ╪¼╪▒╪¼dsf╪│ ╪╡┘à┘ê╪ª┘è┘ä ┘ü╪¬╪¡┘è 2300017", "action_flag": 3, "change_message": ""}}, {"model": "admin.logentry", "pk": 102, "fields": {"action_time": "2023-08-02T18:02:33.508Z", "user": 2, "content_type": 7, "object_id": "fcdf4cd1-9b9b-41ca-a106-fb27775d4cbe", "object_repr": "╪┤fsdaf╪º╪»┘è ╪¼╪▒╪¼dsf╪│ ╪╡┘à┘ê╪ª┘è┘ä ┘ü╪¬╪¡┘è 2300018", "action_flag": 3, "change_message": ""}}, {"model": "admin.logentry", "pk": 103, "fields": {"action_time": "2023-08-02T18:04:08.726Z", "user": 2, "content_type": 7, "object_id": "accba649-247b-4887-b195-28933ea3f1c2", "object_repr": "╪┤fsdaf╪º╪»┘è ╪¼╪▒╪¼dsf╪│ ╪╡┘à┘ê╪ª┘è┘ä ┘ü╪¬╪¡┘è 2300019", "action_flag": 3, "change_message": ""}}, {"model": "admin.logentry", "pk": 104, "fields": {"action_time": "2023-08-02T18:16:39.586Z", "user": 2, "content_type": 7, "object_id": "f39811bf-5045-4f78-955b-a420dcfb04eb", "object_repr": "╪┤fsdaf╪º╪»┘è ╪¼╪▒╪¼dsf╪│ ╪╡┘à┘ê╪ª┘è┘ä ┘ü╪¬╪¡┘è 2300020", "action_flag": 3, "change_message": ""}}, {"model": "admin.logentry", "pk": 105, "fields": {"action_time": "2023-08-02T18:16:53.382Z", "user": 2, "content_type": 7, "object_id": "8bec9845-2109-4e43-9baa-aece8a3312b7", "object_repr": "╪┤fsdaf╪º╪»┘è ╪¼╪▒╪¼dsf╪│ ╪╡┘à┘ê╪ª┘è┘ä ┘ü╪¬╪¡┘è 2300021", "action_flag": 3, "change_message": ""}}, {"model": "admin.logentry", "pk": 106, "fields": {"action_time": "2023-08-02T18:16:57.857Z", "user": 2, "content_type": 7, "object_id": "c8d0e2b8-8542-4ee8-b549-703796f9ff41", "object_repr": "╪┤╪º╪»┘è ╪¼╪▒╪¼╪│ ╪╡┘à┘ê╪ª┘è┘ä ┘ü╪¬╪¡┘è 2300016", "action_flag": 3, "change_message": ""}}, {"model": "admin.logentry", "pk": 107, "fields": {"action_time": "2023-08-02T18:19:04.719Z", "user": 2, "content_type": 7, "object_id": "bcbb71d5-8bfc-49eb-9d0e-26fe1ce94aa4", "object_repr": "╪┤fsdaf╪º╪»┘è ╪¼╪▒╪¼dsf╪│ ╪╡┘à┘ê╪ª┘è┘ä ┘ü╪¬╪¡┘è 2300022", "action_flag": 3, "change_message": ""}}, {"model": "admin.logentry", "pk": 108, "fields": {"action_time": "2023-08-02T18:19:57.779Z", "user": 2, "content_type": 7, "object_id": "6f3f9905-020f-43df-b1f5-1b3aaeddfe86", "object_repr": "╪┤╪º╪»┘è ╪¼╪▒╪¼╪│ ╪╡┘à┘ê╪ª┘è┘ä ┘ü╪¬╪¡┘è 2300023", "action_flag": 3, "change_message": ""}}, {"model": "admin.logentry", "pk": 109, "fields": {"action_time": "2023-08-02T18:30:34.694Z", "user": 2, "content_type": 7, "object_id": "97c0b3b1-f62d-46ff-aae4-69aebde6c42b", "object_repr": "╪┤╪º╪»┘è ╪¼╪▒╪¼╪│ ╪╡┘à┘ê╪ª┘è┘ä ┘ü╪¬╪¡┘è 2300024", "action_flag": 3, "change_message": ""}}, {"model": "admin.logentry", "pk": 110, "fields": {"action_time": "2023-08-02T18:36:39.254Z", "user": 2, "content_type": 7, "object_id": "2d40d7f4-c901-4aff-a521-53ad9d5a42a0", "object_repr": "╪┤╪º╪»┘è ╪¼╪▒╪¼╪│ ╪╡┘à┘ê╪ª┘è┘ä ┘ü╪¬╪¡┘è 2300025", "action_flag": 3, "change_message": ""}}, {"model": "admin.logentry", "pk": 111, "fields": {"action_time": "2023-08-02T18:36:55.017Z", "user": 2, "content_type": 7, "object_id": "a0bbb6e2-566e-4c44-9e81-680af28bed7a", "object_repr": "╪┤╪º╪»┘è ╪¼╪▒╪¼╪│ ╪╡┘à┘ê╪ª┘è┘ä ┘ü╪¬╪¡┘è 2300026", "action_flag": 3, "change_message": ""}}, {"model": "admin.logentry", "pk": 112, "fields": {"action_time": "2023-08-02T18:44:56.609Z", "user": 2, "content_type": 7, "object_id": "7484f3e4-db37-4adc-80b9-44017d8857e0", "object_repr": "╪┤╪º╪»┘è ╪¼╪▒╪¼╪│ ╪╡┘à┘ê╪ª┘è┘ä ┘ü╪¬╪¡┘è 2300027", "action_flag": 3, "change_message": ""}}, {"model": "admin.logentry", "pk": 113, "fields": {"action_time": "2023-08-02T18:45:13.649Z", "user": 2, "content_type": 7, "object_id": "193ed2f4-4eb0-4e6a-84fa-42749f86a8f7", "object_repr": "╪┤╪º╪»┘è ╪¼╪▒╪¼╪│ ╪╡┘à┘ê╪ª┘è┘ä ┘ü╪¬╪¡┘è 2300028", "action_flag": 3, "change_message": ""}}, {"model": "admin.logentry", "pk": 114, "fields": {"action_time": "2023-08-02T18:52:10.678Z", "user": 2, "content_type": 7, "object_id": "ecad7a32-78a7-41f8-8341-0aea237239c5", "object_repr": "╪┤╪º╪»┘è ╪¼╪▒╪¼╪│ ╪╡┘à┘ê╪ª┘è┘ä ┘ü╪¬╪¡┘è 2300029", "action_flag": 3, "change_message": ""}}, {"model": "admin.logentry", "pk": 115, "fields": {"action_time": "2023-08-02T18:55:00.512Z", "user": 2, "content_type": 7, "object_id": "9a7ddc6b-6bcb-47d8-853b-98640624927c", "object_repr": "╪┤╪º╪»┘è ╪¼╪▒╪¼╪│ ╪╡┘à┘ê╪ª┘è┘ä ┘ü╪¬╪¡┘è 2300032", "action_flag": 3, "change_message": ""}}, {"model": "admin.logentry", "pk": 116, "fields": {"action_time": "2023-08-02T19:04:52.553Z", "user": 2, "content_type": 7, "object_id": "7b35b037-2cbd-4ce8-932a-f36609c44c6d", "object_repr": "╪┤╪º╪»┘è ╪¡┘å┘è┘å ╪¼╪▒╪¼╪│ ╪¿╪«┘è╪¬ 2300033", "action_flag": 3, "change_message": ""}}, {"model": "admin.logentry", "pk": 117, "fields": {"action_time": "2023-08-02T19:18:24.832Z", "user": 2, "content_type": 7, "object_id": "80bd76a1-0561-436f-b760-0ac3d79fe6e7", "object_repr": "╪┤╪º╪»┘è ╪¡┘å┘è┘å ╪¼╪▒╪¼╪│ ╪¿╪«┘è╪¬ 2300034", "action_flag": 3, "change_message": ""}}, {"model": "admin.logentry", "pk": 118, "fields": {"action_time": "2023-08-03T05:49:48.271Z", "user": 2, "content_type": 7, "object_id": "4a913c80-c1cc-4736-9db7-34ca9598a9be", "object_repr": "╪┤╪º╪»┘è ╪¡┘å┘è┘å ╪¼╪▒╪¼╪│ ╪¿╪«┘è╪¬ 2300035", "action_flag": 3, "change_message": ""}}, {"model": "admin.logentry", "pk": 119, "fields": {"action_time": "2023-08-03T05:52:46.994Z", "user": 2, "content_type": 8, "object_id": "3aecca48-a951-43d4-afed-06e7fa14bd9c", "object_repr": "", "action_flag": 3, "change_message": ""}}, {"model": "admin.logentry", "pk": 120, "fields": {"action_time": "2023-08-03T05:52:46.997Z", "user": 2, "content_type": 8, "object_id": "390b64b0-649a-4235-80de-3fafb4b86808", "object_repr": "┘à╪¿┘å╪º: ┘ä┘ê╪¬╪│, ╪┤╪º╪▒╪╣: ╪¼┘à┘è┘ä╪⌐ ╪º╪¿┘ê ╪¡╪▒┘è╪», ╪º┘ä╪╖╪º╪¿┘é: 7", "action_flag": 3, "change_message": ""}}, {"model": "admin.logentry", "pk": 121, "fields": {"action_time": "2023-08-03T05:52:46.999Z", "user": 2, "content_type": 8, "object_id": "12949550-8440-44ed-9e5f-c63ecaf5a9c7", "object_repr": "┘à╪¿┘å╪º: ┘ä┘ê╪¬╪│, ╪º┘ä╪¡┘è: ╪º┘ä╪│┘è┘ê┘ü", "action_flag": 3, "change_message": ""}}, {"model": "admin.logentry", "pk": 122, "fields": {"action_time": "2023-08-03T05:52:47.001Z", "user": 2, "content_type": 8, "object_id": "0ed25d0a-e554-49e4-b3b1-93c28bf236b3", "object_repr": "", "action_flag": 3, "change_message": ""}}, {"model": "admin.logentry", "pk": 123, "fields": {"action_time": "2023-08-03T05:52:55.878Z", "user": 2, "content_type": 8, "object_id": "cebc7207-10d8-4bd2-a1c3-8d3e5c10ccba", "object_repr": "┘à╪¿┘å╪º: ┘ä┘ê╪¬╪│, ╪┤╪º╪▒╪╣: ╪¼┘à┘è┘ä╪⌐ ╪º╪¿┘ê ╪¡╪▒┘è╪», ╪º┘ä╪╖╪º╪¿┘é: 7, ╪¬┘ü╪º╪╡┘è┘ä ╪Ñ╪╢╪º┘ü┘è╪⌐: ┘é╪▒╪¿ ┘à┘å ┘à╪╡╪¿╪º╪¡ ┘à╪º╪▒┘â╪¬", "action_flag": 3, "change_message": ""}}, {"model": "admin.logentry", "pk": 124, "fields": {"action_time": "2023-08-03T05:53:18.508Z", "user": 2, "content_type": 7, "object_id": "95e8f119-dc7d-4515-893d-2e74c9203558", "object_repr": "╪┤╪º╪»┘è ╪¡┘å┘è┘å ╪¼╪▒╪¼╪│ ╪¿╪«┘è╪¬ 2300036", "action_flag": 3, "change_message": ""}}, {"model": "admin.logentry", "pk": 125, "fields": {"action_time": "2023-08-03T05:59:15.735Z", "user": 2, "content_type": 7, "object_id": "e9f074f3-94b1-449e-abcc-75847d26ad60", "object_repr": "╪┤╪º╪»┘è ╪¡┘å┘è┘å ╪¼╪▒╪¼╪│ ╪¿╪«┘è╪¬ 2300037", "action_flag": 3, "change_message": ""}}, {"model": "admin.logentry", "pk": 126, "fields": {"action_time": "2023-08-03T06:01:11.760Z", "user": 2, "content_type": 7, "object_id": "d39ae40e-3f2a-422c-848c-ce8833624403", "object_repr": "╪┤╪º╪»┘è ╪¡┘å┘è┘å ╪¼╪▒╪¼╪│ ╪¿╪«┘è╪¬ 2300038", "action_flag": 3, "change_message": ""}}, {"model": "admin.logentry", "pk": 127, "fields": {"action_time": "2023-08-03T06:01:38.437Z", "user": 2, "content_type": 7, "object_id": "9702751f-7e86-4383-abf7-951096d84d49", "object_repr": "╪┤╪º╪»┘è ╪¡┘å┘è┘å ╪¼╪▒╪¼╪│ ╪¿╪«┘è╪¬ 2300040", "action_flag": 3, "change_message": ""}}, {"model": "admin.logentry", "pk": 128, "fields": {"action_time": "2023-08-03T06:03:09.143Z", "user": 2, "content_type": 7, "object_id": "4f9d1439-2b2b-481d-ab57-9299fec8e444", "object_repr": "╪┤╪º╪»┘è ╪¡┘å┘è┘å ╪¼╪▒╪¼╪│ ╪¿╪«┘è╪¬ 2300041", "action_flag": 3, "change_message": ""}}, {"model": "admin.logentry", "pk": 129, "fields": {"action_time": "2023-08-03T06:04:07.847Z", "user": 2, "content_type": 7, "object_id": "0970185e-fe94-4a9b-a84c-892e7c176a79", "object_repr": "╪┤╪º╪»┘è ╪¡┘å┘è┘å ╪¼╪▒╪¼╪│ ╪¿╪«┘è╪¬ 2300042", "action_flag": 3, "change_message": ""}}, {"model": "admin.logentry", "pk": 130, "fields": {"action_time": "2023-08-03T06:04:59.792Z", "user": 2, "content_type": 8, "object_id": "bf1440af-e1af-432b-945b-6fa526cec126", "object_repr": "", "action_flag": 3, "change_message": ""}}, {"model": "admin.logentry", "pk": 131, "fields": {"action_time": "2023-08-03T06:04:59.796Z", "user": 2, "content_type": 8, "object_id": "bedac24f-db7a-4d69-95bd-1b7e0674c45f", "object_repr": "", "action_flag": 3, "change_message": ""}}, {"model": "admin.logentry", "pk": 132, "fields": {"action_time": "2023-08-03T06:04:59.797Z", "user": 2, "content_type": 8, "object_id": "ad4212d1-5b3e-4460-bba6-9cd2cbe653c4", "object_repr": "", "action_flag": 3, "change_message": ""}}, {"model": "admin.logentry", "pk": 133, "fields": {"action_time": "2023-08-03T06:04:59.799Z", "user": 2, "content_type": 8, "object_id": "91ace698-d897-4b7d-9758-b65fdfc36e64", "object_repr": "", "action_flag": 3, "change_message": ""}}, {"model": "admin.logentry", "pk": 134, "fields": {"action_time": "2023-08-03T06:04:59.800Z", "user": 2, "content_type": 8, "object_id": "79f84655-d1d8-490a-bf35-d19b5a2670c4", "object_repr": "", "action_flag": 3, "change_message": ""}}, {"model": "admin.logentry", "pk": 135, "fields": {"action_time": "2023-08-03T06:04:59.801Z", "user": 2, "content_type": 8, "object_id": "453cb5f1-b2a5-4757-abc9-8a54132f1317", "object_repr": "", "action_flag": 3, "change_message": ""}}, {"model": "admin.logentry", "pk": 136, "fields": {"action_time": "2023-08-03T06:08:29.989Z", "user": 2, "content_type": 7, "object_id": "eea74f63-cbf1-4bb8-9940-5ed883b882e1", "object_repr": "╪┤╪º╪»┘è ╪¡┘å┘è┘å ╪¼╪▒╪¼╪│ ╪¿╪«┘è╪¬ 2300043", "action_flag": 3, "change_message": ""}}, {"model": "admin.logentry", "pk": 137, "fields": {"action_time": "2023-08-03T06:09:12.660Z", "user": 2, "content_type": 8, "object_id": "c46b556a-a18a-484a-ab2a-e07a08b171a5", "object_repr": "", "action_flag": 3, "change_message": ""}}, {"model": "admin.logentry", "pk": 138, "fields": {"action_time": "2023-08-03T06:09:12.663Z", "user": 2, "content_type": 8, "object_id": "5435cfe3-f72f-4088-aaa1-3751fd32c807", "object_repr": "", "action_flag": 3, "change_message": ""}}, {"model": "admin.logentry", "pk": 139, "fields": {"action_time": "2023-08-03T06:09:22.357Z", "user": 2, "content_type": 7, "object_id": "e9228885-597d-4afe-ae19-7018b5a2b913", "object_repr": "╪┤╪º╪»┘è ╪¡┘å┘è┘å ╪¼╪▒╪¼╪│ ╪¿╪«┘è╪¬ 2300044", "action_flag": 3, "change_message": ""}}, {"model": "admin.logentry", "pk": 140, "fields": {"action_time": "2023-08-03T06:11:31.971Z", "user": 2, "content_type": 7, "object_id": "cecfb58a-4703-4a50-915c-31a08e7ab9c0", "object_repr": "╪┤╪º╪»┘è ╪¡┘å┘è┘å ╪¼╪▒╪¼╪│ ╪¿╪«┘è╪¬ 2300045", "action_flag": 3, "change_message": ""}}, {"model": "admin.logentry", "pk": 141, "fields": {"action_time": "2023-08-03T06:12:29.826Z", "user": 2, "content_type": 8, "object_id": "7b7a6050-82c8-4cea-8378-6a2e69ba773a", "object_repr": "", "action_flag": 3, "change_message": ""}}, {"model": "admin.logentry", "pk": 142, "fields": {"action_time": "2023-08-03T06:12:36.329Z", "user": 2, "content_type": 7, "object_id": "0c6cc897-5191-43f0-b3db-37a5e98567a5", "object_repr": "╪┤╪º╪»┘è ╪¡┘å┘è┘å ╪¼╪▒╪¼╪│ ╪¿╪«┘è╪¬ 2300047", "action_flag": 3, "change_message": ""}}, {"model": "admin.logentry", "pk": 143, "fields": {"action_time": "2023-08-03T06:13:51.229Z", "user": 2, "content_type": 7, "object_id": "ae9d1153-68ee-49fd-a6b4-9ab41f599d4f", "object_repr": "╪┤╪º╪»┘è ╪¡┘å┘è┘å ╪¼╪▒╪¼╪│ ╪¿╪«┘è╪¬ 2300048", "action_flag": 3, "change_message": ""}}, {"model": "admin.logentry", "pk": 144, "fields": {"action_time": "2023-08-03T06:14:29.410Z", "user": 2, "content_type": 7, "object_id": "7d301db0-c4bf-4245-be85-b991097087e3", "object_repr": "╪┤╪º╪»┘è ╪¡┘å┘è┘å ╪¼╪▒╪¼╪│ ╪¿╪«┘è╪¬ 2300049", "action_flag": 3, "change_message": ""}}, {"model": "admin.logentry", "pk": 145, "fields": {"action_time": "2023-08-03T11:53:27.313Z", "user": 2, "content_type": 7, "object_id": "04909c46-fb3b-42bd-ad90-602c5be332a0", "object_repr": "╪┤╪º╪»┘è ╪¡┘å┘è┘å ╪¼╪▒╪¼╪│ ╪¿╪«┘è╪¬ 2300050", "action_flag": 3, "change_message": ""}}, {"model": "admin.logentry", "pk": 146, "fields": {"action_time": "2023-08-03T11:55:46.093Z", "user": 2, "content_type": 8, "object_id": "e4f2e03b-ad08-46a3-ad7e-e09f83b46932", "object_repr": "┘à╪¿┘å╪º: ┘ä┘ê╪¬╪│, ╪┤╪º╪▒╪╣: ╪¼┘à┘è┘ä╪⌐ ╪º╪¿┘ê ╪¡╪▒┘è╪», ╪º┘ä╪╖╪º╪¿┘é: 7", "action_flag": 3, "change_message": ""}}, {"model": "admin.logentry", "pk": 147, "fields": {"action_time": "2023-08-03T11:57:18.424Z", "user": 2, "content_type": 8, "object_id": "adbea4e7-14ad-4943-a79f-bf9e197ce9d9", "object_repr": "┘à╪¿┘å╪º: ┘ä┘ê╪¬╪│, ╪┤╪º╪▒╪╣: ╪¼┘à┘è┘ä╪⌐ ╪º╪¿┘ê ╪¡╪▒┘è╪», ╪º┘ä╪╖╪º╪¿┘é: 7", "action_flag": 3, "change_message": ""}}, {"model": "admin.logentry", "pk": 148, "fields": {"action_time": "2023-08-03T12:12:26.428Z", "user": 2, "content_type": 12, "object_id": "2200db73-3d80-4719-9793-6c91be61ffb2", "object_repr": "2023 ╪┤╪º╪»┘è ╪¡┘å┘è┘å ╪¼╪▒╪¼╪│ ╪¿╪«┘è╪¬ ╪»┘ü╪╣ 20 ╪¼┘å┘è┘ç╪º╪¬", "action_flag": 3, "change_message": ""}}, {"model": "admin.logentry", "pk": 154, "fields": {"action_time": "2023-08-03T12:13:43.337Z", "user": 2, "content_type": 7, "object_id": "f78ec86a-f8c5-4cd5-994d-e716b9b9fd92", "object_repr": "╪┤╪º╪»┘è ╪¡┘å┘è┘å ╪¼╪▒╪¼╪│ ╪¿╪«┘è╪¬", "action_flag": 3, "change_message": ""}}, {"model": "admin.logentry", "pk": 155, "fields": {"action_time": "2023-08-03T12:14:32.960Z", "user": 2, "content_type": 4, "object_id": "30", "object_repr": "2300030", "action_flag": 3, "change_message": ""}}, {"model": "admin.logentry", "pk": 156, "fields": {"action_time": "2023-08-03T12:14:32.963Z", "user": 2, "content_type": 4, "object_id": "31", "object_repr": "2300031", "action_flag": 3, "change_message": ""}}, {"model": "admin.logentry", "pk": 157, "fields": {"action_time": "2023-08-03T12:14:32.965Z", "user": 2, "content_type": 4, "object_id": "39", "object_repr": "2300039", "action_flag": 3, "change_message": ""}}, {"model": "admin.logentry", "pk": 158, "fields": {"action_time": "2023-08-03T12:14:32.966Z", "user": 2, "content_type": 4, "object_id": "46", "object_repr": "2300046", "action_flag": 3, "change_message": ""}}, {"model": "admin.logentry", "pk": 159, "fields": {"action_time": "2023-08-03T12:14:32.967Z", "user": 2, "content_type": 4, "object_id": "51", "object_repr": "2300051", "action_flag": 3, "change_message": ""}}, {"model": "admin.logentry", "pk": 160, "fields": {"action_time": "2023-08-03T12:15:16.985Z", "user": 2, "content_type": 4, "object_id": "30", "object_repr": "2300030", "action_flag": 3, "change_message": ""}}, {"model": "admin.logentry", "pk": 161, "fields": {"action_time": "2023-08-03T12:15:21.223Z", "user": 2, "content_type": 4, "object_id": "31", "object_repr": "2300031", "action_flag": 3, "change_message": ""}}, {"model": "admin.logentry", "pk": 162, "fields": {"action_time": "2023-08-03T12:15:24.929Z", "user": 2, "content_type": 4, "object_id": "39", "object_repr": "2300039", "action_flag": 3, "change_message": ""}}, {"model": "admin.logentry", "pk": 163, "fields": {"action_time": "2023-08-03T12:15:29.171Z", "user": 2, "content_type": 4, "object_id": "46", "object_repr": "2300046", "action_flag": 3, "change_message": ""}}, {"model": "admin.logentry", "pk": 166, "fields": {"action_time": "2023-08-03T12:17:38.268Z", "user": 2, "content_type": 7, "object_id": "b749bf16-d8b3-4463-98b9-17bd23e8a4a8", "object_repr": "╪┤╪º╪»┘è ╪¡┘å┘è┘å ╪¼╪▒╪¼╪│ ╪¿╪«┘è╪¬ 2300051", "action_flag": 3, "change_message": ""}}, {"model": "admin.logentry", "pk": 167, "fields": {"action_time": "2023-08-03T12:19:03.941Z", "user": 2, "content_type": 7, "object_id": "6580fba5-aedd-43a2-9602-64491a3655a4", "object_repr": "╪┤╪º╪»┘è ╪¡┘å┘è┘å ╪¼╪▒╪¼╪│ ╪¿╪«┘è╪¬ 2300052", "action_flag": 3, "change_message": ""}}, {"model": "admin.logentry", "pk": 168, "fields": {"action_time": "2023-08-03T12:19:18.852Z", "user": 2, "content_type": 4, "object_id": "15", "object_repr": "delete", "action_flag": 3, "change_message": ""}}, {"model": "admin.logentry", "pk": 169, "fields": {"action_time": "2023-08-03T12:20:50.255Z", "user": 2, "content_type": 12, "object_id": "f1fd1c48-8bbc-4976-a03b-89663055ea0f", "object_repr": "2023 None ╪»┘ü╪╣ 20 ╪¼┘å┘è┘ç╪º╪¬", "action_flag": 3, "change_message": ""}}, {"model": "admin.logentry", "pk": 170, "fields": {"action_time": "2023-08-03T12:20:50.258Z", "user": 2, "content_type": 12, "object_id": "b7bfc550-2d6f-48c0-a905-7aead3cf7dd0", "object_repr": "2023 None ╪»┘ü╪╣ 20 ╪¼┘å┘è┘ç╪º╪¬", "action_flag": 3, "change_message": ""}}, {"model": "admin.logentry", "pk": 171, "fields": {"action_time": "2023-08-03T12:24:39.762Z", "user": 2, "content_type": 12, "object_id": "ee37d082-5a61-4b26-9050-5259294b7189", "object_repr": "2023 ╪┤╪º╪»┘è ╪¡┘å┘è┘å ╪¼╪▒╪¼╪│ ╪¿╪«┘è╪¬ 2300053 ╪»┘ü╪╣ 20 ╪¼┘å┘è┘ç╪º╪¬", "action_flag": 3, "change_message": ""}}, {"model": "admin.logentry", "pk": 172, "fields": {"action_time": "2023-08-03T12:24:47.490Z", "user": 2, "content_type": 7, "object_id": "c77da837-3261-49db-abff-1673b5b91308", "object_repr": "╪┤╪º╪»┘è ╪¡┘å┘è┘å ╪¼╪▒╪¼╪│ ╪¿╪«┘è╪¬ 2300053", "action_flag": 3, "change_message": ""}}, {"model": "admin.logentry", "pk": 173, "fields": {"action_time": "2023-08-03T12:26:25.751Z", "user": 2, "content_type": 7, "object_id": "893e9b99-397b-417e-8ef5-a1c221101b77", "object_repr": "╪┤╪º╪»┘è ╪¡┘å┘è┘å ╪¼╪▒╪¼╪│ ╪¿╪«┘è╪¬ 2300054", "action_flag": 3, "change_message": ""}}, {"model": "admin.logentry", "pk": 174, "fields": {"action_time": "2023-08-03T12:26:31.716Z", "user": 2, "content_type": 12, "object_id": "51e4ae19-e273-4b2f-a1c9-b5cefdb42787", "object_repr": "2023 None ╪»┘ü╪╣ 20 ╪¼┘å┘è┘ç╪º╪¬", "action_flag": 3, "change_message": ""}}, {"model": "admin.logentry", "pk": 175, "fields": {"action_time": "2023-08-03T12:33:20.711Z", "user": 2, "content_type": 12, "object_id": "6b9ea7a9-11b5-41ed-98db-75a916c3937f", "object_repr": "2023 ╪┤╪º╪»┘è ╪¡┘å┘è┘å ╪¼╪▒╪¼╪│ ╪¿╪«┘è╪¬ 2300055 ╪»┘ü╪╣ 21 ╪¼┘å┘è┘ç╪º╪¬", "action_flag": 3, "change_message": ""}}, {"model": "admin.logentry", "pk": 176, "fields": {"action_time": "2023-08-03T12:33:33.435Z", "user": 2, "content_type": 7, "object_id": "5f0e4ed3-013e-4fe0-a48b-34d16323e6d4", "object_repr": "╪┤╪º╪»┘è ╪¡┘å┘è┘å ╪¼╪▒╪¼╪│ ╪¿╪«┘è╪¬ 2300055", "action_flag": 3, "change_message": ""}}, {"model": "admin.logentry", "pk": 177, "fields": {"action_time": "2023-08-03T12:55:05.458Z", "user": 2, "content_type": 7, "object_id": "cd36bc1c-3bfc-4940-867a-76979ef75408", "object_repr": "╪┤╪º╪»┘è ╪¡┘å┘è┘å ╪¼╪▒╪¼╪│ ╪¿╪«┘è╪¬ 2300056", "action_flag": 3, "change_message": ""}}, {"model": "admin.logentry", "pk": 178, "fields": {"action_time": "2023-08-03T12:55:10.745Z", "user": 2, "content_type": 12, "object_id": "b19f1f31-32b1-4220-98d7-0c10d5cbd507", "object_repr": "2023 None ╪»┘ü╪╣ 22 ╪¼┘å┘è┘ç╪º╪¬", "action_flag": 3, "change_message": ""}}, {"model": "admin.logentry", "pk": 179, "fields": {"action_time": "2023-08-03T12:57:14.362Z", "user": 2, "content_type": 12, "object_id": "2b6dc740-5236-4978-8a3c-f497c939669c", "object_repr": "2023 ╪┤╪º╪»┘è ╪¡┘å┘è┘å ╪¼╪▒╪¼╪│ ╪¿╪«┘è╪¬ 2300057 ╪»┘ü╪╣ 23 ╪¼┘å┘è┘ç╪º╪¬", "action_flag": 3, "change_message": ""}}, {"model": "admin.logentry", "pk": 180, "fields": {"action_time": "2023-08-03T12:57:19.979Z", "user": 2, "content_type": 7, "object_id": "4eddc229-8e8f-42df-9862-46aa471fb613", "object_repr": "╪┤╪º╪»┘è ╪¡┘å┘è┘å ╪¼╪▒╪¼╪│ ╪¿╪«┘è╪¬ 2300057", "action_flag": 3, "change_message": ""}}, {"model": "admin.logentry", "pk": 181, "fields": {"action_time": "2023-08-03T12:58:25.080Z", "user": 2, "content_type": 7, "object_id": "b67e0e9a-8955-463e-b301-1a70e0d64be2", "object_repr": "╪┤╪º╪»┘è ╪¡┘å┘è┘å ╪¼╪▒╪¼╪│ ╪¿╪«┘è╪¬ 2300058", "action_flag": 3, "change_message": ""}}, {"model": "admin.logentry", "pk": 182, "fields": {"action_time": "2023-08-03T12:58:47.025Z", "user": 2, "content_type": 7, "object_id": "03ee5863-e375-46e0-a2c2-25748cb2ced6", "object_repr": "╪┤╪º╪»┘è ╪¡┘å┘è┘å ╪¼╪▒╪¼╪│ ╪¿╪«┘è╪¬ 2300059", "action_flag": 3, "change_message": ""}}, {"model": "admin.logentry", "pk": 183, "fields": {"action_time": "2023-08-03T12:59:47.433Z", "user": 2, "content_type": 7, "object_id": "36e0b945-13ce-4a83-877e-d3b160567bae", "object_repr": "╪┤╪º╪»┘è ╪¡┘å┘è┘å ╪╣╪¿┘è╪» ╪¿╪«┘è╪¬ 2300060", "action_flag": 3, "change_message": ""}}, {"model": "admin.logentry", "pk": 184, "fields": {"action_time": "2023-08-03T12:59:54.058Z", "user": 2, "content_type": 12, "object_id": "f1bcfc29-a274-455e-abe5-a5cbbebfaba0", "object_repr": "2023 None ╪»┘ü╪╣ 24 ╪¼┘å┘è┘ç╪º╪¬", "action_flag": 3, "change_message": ""}}, {"model": "admin.logentry", "pk": 185, "fields": {"action_time": "2023-08-03T12:59:54.060Z", "user": 2, "content_type": 12, "object_id": "bb954410-f854-470b-bce4-5149b7733069", "object_repr": "2023 None ╪»┘ü╪╣ 24 ╪¼┘å┘è┘ç╪º╪¬", "action_flag": 3, "change_message": ""}}, {"model": "admin.logentry", "pk": 186, "fields": {"action_time": "2023-08-03T12:59:54.061Z", "user": 2, "content_type": 12, "object_id": "674dea99-8027-45cd-a11c-b5d303fc78eb", "object_repr": "2023 None ╪»┘ü╪╣ 20 ╪¼┘å┘è┘ç╪º╪¬", "action_flag": 3, "change_message": ""}}, {"model": "admin.logentry", "pk": 187, "fields": {"action_time": "2023-08-03T13:01:50.248Z", "user": 2, "content_type": 12, "object_id": "29472398-9732-48f6-bf4f-9c6560c27b8c", "object_repr": "2023 ╪┤╪º╪»┘è ╪¡┘å┘è┘å ╪¼╪▒╪¼╪│ ╪¿╪«┘è╪¬ 2300061 ╪»┘ü╪╣ 20 ╪¼┘å┘è┘ç╪º╪¬", "action_flag": 3, "change_message": ""}}, {"model": "admin.logentry", "pk": 188, "fields": {"action_time": "2023-08-03T13:01:55.959Z", "user": 2, "content_type": 7, "object_id": "c54cfa1e-53e9-43c8-9d24-8f2403cb5ecf", "object_repr": "╪┤╪º╪»┘è ╪¡┘å┘è┘å ╪¼╪▒╪¼╪│ ╪¿╪«┘è╪¬ 2300061", "action_flag": 3, "change_message": ""}}, {"model": "admin.logentry", "pk": 189, "fields": {"action_time": "2023-08-03T13:03:16.556Z", "user": 2, "content_type": 7, "object_id": "3a2a8fd0-dcb3-49be-8a68-eb808728a57f", "object_repr": "╪┤╪º╪»┘è ╪¡┘å┘è┘å ╪¼╪▒╪¼╪│ ╪¿╪«┘è╪¬ 2300062", "action_flag": 3, "change_message": ""}}, {"model": "admin.logentry", "pk": 190, "fields": {"action_time": "2023-08-03T13:03:24.334Z", "user": 2, "content_type": 12, "object_id": "787101ff-6294-4ab2-9877-a43b29768b0a", "object_repr": "2023 None ╪»┘ü╪╣ 10 ╪¼┘å┘è┘ç╪º╪¬", "action_flag": 3, "change_message": ""}}, {"model": "admin.logentry", "pk": 191, "fields": {"action_time": "2023-08-03T13:06:33.729Z", "user": 2, "content_type": 12, "object_id": "aa5b75e9-c17a-480a-9e2e-fbcfaf215e76", "object_repr": "2023 ╪┤╪º╪»┘è ╪¡┘å┘è┘å ╪¼╪▒╪¼╪│ ╪¿╪«┘è╪¬ 2300063 ╪»┘ü╪╣ 20 ╪¼┘å┘è┘ç╪º╪¬", "action_flag": 3, "change_message": ""}}, {"model": "admin.logentry", "pk": 192, "fields": {"action_time": "2023-08-03T13:06:42.247Z", "user": 2, "content_type": 7, "object_id": "35a1d96b-881c-4af2-bd1d-d493a639014e", "object_repr": "╪┤╪º╪»┘è ╪¡┘å┘è┘å ╪¼╪▒╪¼╪│ ╪¿╪«┘è╪¬ 2300063", "action_flag": 3, "change_message": ""}}, {"model": "admin.logentry", "pk": 193, "fields": {"action_time": "2023-08-03T13:08:11.719Z", "user": 2, "content_type": 7, "object_id": "189d2f1b-171b-4b17-b233-bc77f8dc39bb", "object_repr": "╪┤╪º╪»┘è ╪¡┘å┘è┘å ╪¼╪▒╪¼╪│ ╪¿╪«┘è╪¬ 2300064", "action_flag": 3, "change_message": ""}}, {"model": "admin.logentry", "pk": 194, "fields": {"action_time": "2023-08-03T13:08:17.552Z", "user": 2, "content_type": 12, "object_id": "7917402f-5e7d-4313-88a7-bb72ae68babf", "object_repr": "2023 None ╪»┘ü╪╣ 20 ╪¼┘å┘è┘ç╪º╪¬", "action_flag": 3, "change_message": ""}}, {"model": "admin.logentry", "pk": 195, "fields": {"action_time": "2023-08-03T13:14:22.078Z", "user": 2, "content_type": 12, "object_id": "03767479-d7c5-4e81-ad78-9600508391d5", "object_repr": "2023 ╪┤╪º╪»┘è ╪¡┘å┘è┘å ╪¼╪▒╪¼╪│ ╪¿╪«┘è╪¬ 2300065 ╪»┘ü╪╣ 20 ╪¼┘å┘è┘ç╪º╪¬", "action_flag": 3, "change_message": ""}}, {"model": "admin.logentry", "pk": 196, "fields": {"action_time": "2023-08-03T13:14:27.215Z", "user": 2, "content_type": 7, "object_id": "16eb8d96-5ad7-4d48-a946-f397abeb6c91", "object_repr": "╪┤╪º╪»┘è ╪¡┘å┘è┘å ╪¼╪▒╪¼╪│ ╪¿╪«┘è╪¬ 2300065", "action_flag": 3, "change_message": ""}}, {"model": "admin.logentry", "pk": 197, "fields": {"action_time": "2023-08-03T13:15:51.328Z", "user": 2, "content_type": 7, "object_id": "7343acbc-a1ad-4e28-84d1-de47e4fd429f", "object_repr": "╪┤╪º╪»┘è ╪¡┘å┘è┘å ╪¼╪▒╪¼╪│ ╪¿╪«┘è╪¬ 2300066", "action_flag": 3, "change_message": ""}}, {"model": "admin.logentry", "pk": 198, "fields": {"action_time": "2023-08-03T13:15:56.881Z", "user": 2, "content_type": 12, "object_id": "4bc2fcac-79bb-4e64-b65b-34a1bfc5d0a7", "object_repr": "2023 None ╪»┘ü╪╣ 20 ╪¼┘å┘è┘ç╪º╪¬", "action_flag": 3, "change_message": ""}}, {"model": "admin.logentry", "pk": 199, "fields": {"action_time": "2023-08-03T13:18:13.317Z", "user": 2, "content_type": 12, "object_id": "5ceea6eb-0803-44fb-b064-1d2c43bf8d10", "object_repr": "2023 ╪┤╪º╪»┘è ╪¡┘å┘è┘å ╪¼╪▒╪¼╪│ ╪¿╪«┘è╪¬ 2300067 ╪»┘ü╪╣ 10 ╪¼┘å┘è┘ç╪º╪¬", "action_flag": 3, "change_message": ""}}, {"model": "admin.logentry", "pk": 200, "fields": {"action_time": "2023-08-03T13:18:20.271Z", "user": 2, "content_type": 7, "object_id": "cca4c463-ca85-48d1-a1ad-cd2505f80088", "object_repr": "╪┤╪º╪»┘è ╪¡┘å┘è┘å ╪¼╪▒╪¼╪│ ╪¿╪«┘è╪¬ 2300067", "action_flag": 3, "change_message": ""}}, {"model": "admin.logentry", "pk": 201, "fields": {"action_time": "2023-08-03T16:17:54.007Z", "user": 1, "content_type": 7, "object_id": "e363de5f-0c56-481d-8cab-e6afbf27ff0c", "object_repr": "╪┤╪º╪»┘è ╪¡┘å┘è┘å ╪¼╪▒╪¼╪│ ╪¿╪«┘è╪¬ 2300068", "action_flag": 2, "change_message": "[{\"changed\": {\"fields\": [\"School level\"]}}]"}}, {"model": "admin.logentry", "pk": 202, "fields": {"action_time": "2023-08-03T16:36:52.722Z", "user": 1, "content_type": 8, "object_id": "5ca02f8e-d3fe-4b3b-97aa-312a0456ab3f", "object_repr": "┘à╪¿┘å╪º: ┘ä┘ê╪¬╪│, ╪┤╪º╪▒╪╣: ╪¼┘à┘è┘ä╪⌐ ╪º╪¿┘ê ╪¡╪▒┘è╪», ╪º┘ä╪╖╪º╪¿┘é: 7", "action_flag": 1, "change_message": "[{\"added\": {}}]"}}, {"model": "admin.logentry", "pk": 203, "fields": {"action_time": "2023-08-03T16:37:34.187Z", "user": 1, "content_type": 7, "object_id": "e363de5f-0c56-481d-8cab-e6afbf27ff0c", "object_repr": "╪┤╪º╪»┘è ╪¡┘å┘è┘å ╪¼╪▒╪¼╪│ ╪¿╪«┘è╪¬ 2300068", "action_flag": 2, "change_message": "[{\"changed\": {\"fields\": [\"Address\"]}}]"}}, {"model": "admin.logentry", "pk": 204, "fields": {"action_time": "2023-08-03T16:44:59.657Z", "user": 1, "content_type": 7, "object_id": "e363de5f-0c56-481d-8cab-e6afbf27ff0c", "object_repr": "╪┤╪º╪»┘è ╪¡┘å┘è┘å ╪¼╪▒╪¼╪│ ╪¿╪«┘è╪¬ 2300068", "action_flag": 2, "change_message": "[{\"changed\": {\"fields\": [\"Deaconess\"]}}]"}}, {"model": "admin.logentry", "pk": 205, "fields": {"action_time": "2023-08-03T16:45:50.295Z", "user": 1, "content_type": 7, "object_id": "e363de5f-0c56-481d-8cab-e6afbf27ff0c", "object_repr": "╪┤╪º╪»┘è ╪¡┘å┘è┘å ╪¼╪▒╪¼╪│ ╪¿╪«┘è╪¬ 2300068", "action_flag": 2, "change_message": "[{\"changed\": {\"fields\": [\"Confession father\"]}}]"}}, {"model": "admin.logentry", "pk": 206, "fields": {"action_time": "2023-08-03T16:47:14.220Z", "user": 1, "content_type": 7, "object_id": "e363de5f-0c56-481d-8cab-e6afbf27ff0c", "object_repr": "╪┤╪º╪»┘è ╪¡┘å┘è┘å ╪¼╪▒╪¼╪│ ╪¿╪«┘è╪¬ 2300068", "action_flag": 2, "change_message": "[{\"changed\": {\"fields\": [\"Talmza level\"]}}]"}}, {"model": "admin.logentry", "pk": 207, "fields": {"action_time": "2023-08-03T18:00:45.479Z", "user": 1, "content_type": 7, "object_id": "e363de5f-0c56-481d-8cab-e6afbf27ff0c", "object_repr": "╪┤╪º╪»┘è ╪¡┘å┘è┘å ╪¼╪▒╪¼╪│ ╪¿╪«┘è╪¬ 2300068", "action_flag": 2, "change_message": "[{\"changed\": {\"fields\": [\"Phone number\", \"Father phone number\", \"Mother phone number\", \"Mobile follow up on WhatsApp\"]}}]"}}, {"model": "admin.logentry", "pk": 208, "fields": {"action_time": "2023-08-03T18:01:20.577Z", "user": 1, "content_type": 8, "object_id": "5ca02f8e-d3fe-4b3b-97aa-312a0456ab3f", "object_repr": "┘à╪¿┘å╪º: ┘ä┘ê╪¬╪│, ╪┤╪º╪▒╪╣: ╪¼┘à┘è┘ä╪⌐ ╪º╪¿┘ê ╪¡╪▒┘è╪», ┘à╪¬┘ü╪▒╪╣ ┘à┘å: ┘è┘é┘ê╪¬ ╪º┘ä╪¡┘à┘ê┘è, ╪º┘ä╪╖╪º╪¿┘é: 7", "action_flag": 2, "change_message": "[{\"changed\": {\"fields\": [\"Branches from\"]}}]"}}, {"model": "admin.logentry", "pk": 209, "fields": {"action_time": "2023-08-03T18:01:43.854Z", "user": 1, "content_type": 8, "object_id": "5ca02f8e-d3fe-4b3b-97aa-312a0456ab3f", "object_repr": "┘à╪¿┘å╪º: ┘ä┘ê╪¬╪│, ╪┤╪º╪▒╪╣: ╪¼┘à┘è┘ä╪⌐ ╪º╪¿┘ê ╪¡╪▒┘è╪», ┘à╪¬┘ü╪▒╪╣ ┘à┘å: ┘è┘é┘ê╪¬ ╪º┘ä╪¡┘à┘ê┘è, ╪º┘ä╪╖╪º╪¿┘é: 7, ╪▒┘é┘à ╪º┘ä╪┤┘é╪⌐: 704, ╪º┘ä╪¡┘è: ╪º┘ä╪│┘è┘ê┘ü, ╪¬┘ü╪º╪╡┘è┘ä ╪Ñ╪╢╪º┘ü┘è╪⌐: ╪¿╪¼┘ê╪º╪▒ ┘à╪º╪▒┘â╪¬ ┘à╪╡╪¿╪º╪¡", "action_flag": 2, "change_message": "[{\"changed\": {\"fields\": [\"Apartment number\", \"District\", \"Additional details\"]}}]"}}, {"model": "admin.logentry", "pk": 210, "fields": {"action_time": "2023-08-03T18:02:06.778Z", "user": 1, "content_type": 7, "object_id": "e363de5f-0c56-481d-8cab-e6afbf27ff0c", "object_repr": "╪┤╪º╪»┘è ╪¡┘å┘è┘å ╪¼╪▒╪¼╪│ ╪¿╪«┘è╪¬ 2300068", "action_flag": 2, "change_message": "[{\"changed\": {\"fields\": [\"Profile image\"]}}]"}}, {"model": "admin.logentry", "pk": 211, "fields": {"action_time": "2023-08-03T18:02:20.609Z", "user": 1, "content_type": 7, "object_id": "e363de5f-0c56-481d-8cab-e6afbf27ff0c", "object_repr": "╪┤╪º╪»┘è ╪¡┘å┘è┘å ╪¼╪▒╪¼╪│ ╪¿╪«┘è╪¬ 2300068", "action_flag": 2, "change_message": "[{\"changed\": {\"fields\": [\"Gender\"]}}]"}}, {"model": "admin.logentry", "pk": 212, "fields": {"action_time": "2023-08-03T18:47:50.880Z", "user": 1, "content_type": 7, "object_id": "e363de5f-0c56-481d-8cab-e6afbf27ff0c", "object_repr": "╪┤╪º╪»┘è ╪¡┘å┘è┘å ╪¼╪▒╪¼╪│ ╪¿╪«┘è╪¬ 2300068", "action_flag": 2, "change_message": "[{\"changed\": {\"fields\": [\"Current talmza level year\", \"Current school level year\"]}}]"}}, {"model": "admin.logentry", "pk": 213, "fields": {"action_time": "2023-08-03T18:49:16.095Z", "user": 1, "content_type": 7, "object_id": "e363de5f-0c56-481d-8cab-e6afbf27ff0c", "object_repr": "╪┤╪º╪»┘è ╪¡┘å┘è┘å ╪¼╪▒╪¼╪│ ╪¿╪«┘è╪¬ 2300068", "action_flag": 2, "change_message": "[{\"changed\": {\"fields\": [\"Current school level year\"]}}]"}}, {"model": "admin.logentry", "pk": 214, "fields": {"action_time": "2023-08-03T19:00:48.735Z", "user": 1, "content_type": 12, "object_id": "4b1508b0-c4f1-4fed-9f7c-3d8b9665906f", "object_repr": "2023 ╪┤╪º╪»┘è ╪¡┘å┘è┘å ╪¼╪▒╪¼╪│ ╪¿╪«┘è╪¬ 2300068 ╪»┘ü╪╣ 23 ╪¼┘å┘è┘ç╪º╪¬", "action_flag": 2, "change_message": "[{\"changed\": {\"fields\": [\"Amount of money payed\"]}}]"}}, {"model": "admin.logentry", "pk": 218, "fields": {"action_time": "2023-08-04T04:27:51.218Z", "user": 1, "content_type": 7, "object_id": "8cf13337-86e5-4465-9771-986cf1f0f417", "object_repr": "┘à╪▒┘è╪º ┘å╪º╪»┘è ┘â┘à╪º┘ä ╪│┘è╪»┘ç┘à", "action_flag": 3, "change_message": ""}}, {"model": "admin.logentry", "pk": 219, "fields": {"action_time": "2023-08-04T04:40:33.913Z", "user": 1, "content_type": 7, "object_id": "e363de5f-0c56-481d-8cab-e6afbf27ff0c", "object_repr": "╪┤╪º╪»┘è ╪¼╪▒╪¼╪│ ╪¼╪▒╪¼╪│ ╪¿╪«┘è╪¬ 2300068", "action_flag": 3, "change_message": ""}}, {"model": "admin.logentry", "pk": 220, "fields": {"action_time": "2023-08-04T04:40:38.662Z", "user": 1, "content_type": 7, "object_id": "e4e9e37e-6791-43ca-b70d-cec54f741024", "object_repr": "┘è╪¡┘è╪º ┘å╪º╪»┘è ┘â┘à╪º┘ä ╪│┘è╪»┘ç┘à 2300070", "action_flag": 3, "change_message": ""}}, {"model": "admin.logentry", "pk": 221, "fields": {"action_time": "2023-08-04T04:40:49.270Z", "user": 1, "content_type": 7, "object_id": "67d51a6f-b14e-4f08-b8a1-b0a6e233088c", "object_repr": "┘à╪▒┘è╪º ┘å╪º╪»┘è ┘â┘à╪º┘ä ╪│┘è╪»┘ç┘à 2300069", "action_flag": 3, "change_message": ""}}, {"model": "admin.logentry", "pk": 222, "fields": {"action_time": "2023-08-04T04:41:11.231Z", "user": 1, "content_type": 7, "object_id": "a9ae08e4-16a0-4237-af3b-c872f789ee79", "object_repr": "╪▒┘è╪¬╪º ╪¼┘à╪º┘ä ┘à┘ä╪º┘â ╪┤╪▒╪¿╪º╪¬X 2300013", "action_flag": 2, "change_message": "[{\"changed\": {\"fields\": [\"Name\"]}}]"}}, {"model": "admin.logentry", "pk": 223, "fields": {"action_time": "2023-08-05T08:55:14.619Z", "user": 2, "content_type": 8, "object_id": "009a3ab0-6225-4a8a-b1b3-c78ef44b59ea", "object_repr": "", "action_flag": 1, "change_message": "[{\"added\": {}}]"}}, {"model": "admin.logentry", "pk": 224, "fields": {"action_time": "2023-08-05T08:57:12.640Z", "user": 2, "content_type": 7, "object_id": "02c21865-fca2-4ab5-b360-10af0f546e59", "object_repr": "┘â┘à╪º┘ä ┘å╪º╪»┘è ┘â┘à╪º┘ä ╪│┘è╪»┘ç┘à 19102929", "action_flag": 2, "change_message": "[{\"changed\": {\"fields\": [\"Birthdate\", \"Talmza level\", \"School level\", \"Address\", \"Gender\", \"Deaconess\"]}}]"}}, {"model": "auth.permission", "pk": 1, "fields": {"name": "Can add log entry", "content_type": 1, "codename": "add_logentry"}}, {"model": "auth.permission", "pk": 2, "fields": {"name": "Can change log entry", "content_type": 1, "codename": "change_logentry"}}, {"model": "auth.permission", "pk": 3, "fields": {"name": "Can delete log entry", "content_type": 1, "codename": "delete_logentry"}}, {"model": "auth.permission", "pk": 4, "fields": {"name": "Can view log entry", "content_type": 1, "codename": "view_logentry"}}, {"model": "auth.permission", "pk": 5, "fields": {"name": "Can add permission", "content_type": 2, "codename": "add_permission"}}, {"model": "auth.permission", "pk": 6, "fields": {"name": "Can change permission", "content_type": 2, "codename": "change_permission"}}, {"model": "auth.permission", "pk": 7, "fields": {"name": "Can delete permission", "content_type": 2, "codename": "delete_permission"}}, {"model": "auth.permission", "pk": 8, "fields": {"name": "Can view permission", "content_type": 2, "codename": "view_permission"}}, {"model": "auth.permission", "pk": 9, "fields": {"name": "Can add group", "content_type": 3, "codename": "add_group"}}, {"model": "auth.permission", "pk": 10, "fields": {"name": "Can change group", "content_type": 3, "codename": "change_group"}}, {"model": "auth.permission", "pk": 11, "fields": {"name": "Can delete group", "content_type": 3, "codename": "delete_group"}}, {"model": "auth.permission", "pk": 12, "fields": {"name": "Can view group", "content_type": 3, "codename": "view_group"}}, {"model": "auth.permission", "pk": 13, "fields": {"name": "Can add user", "content_type": 4, "codename": "add_user"}}, {"model": "auth.permission", "pk": 14, "fields": {"name": "Can change user", "content_type": 4, "codename": "change_user"}}, {"model": "auth.permission", "pk": 15, "fields": {"name": "Can delete user", "content_type": 4, "codename": "delete_user"}}, {"model": "auth.permission", "pk": 16, "fields": {"name": "Can view user", "content_type": 4, "codename": "view_user"}}, {"model": "auth.permission", "pk": 17, "fields": {"name": "Can add content type", "content_type": 5, "codename": "add_contenttype"}}, {"model": "auth.permission", "pk": 18, "fields": {"name": "Can change content type", "content_type": 5, "codename": "change_contenttype"}}, {"model": "auth.permission", "pk": 19, "fields": {"name": "Can delete content type", "content_type": 5, "codename": "delete_contenttype"}}, {"model": "auth.permission", "pk": 20, "fields": {"name": "Can view content type", "content_type": 5, "codename": "view_contenttype"}}, {"model": "auth.permission", "pk": 21, "fields": {"name": "Can add session", "content_type": 6, "codename": "add_session"}}, {"model": "auth.permission", "pk": 22, "fields": {"name": "Can change session", "content_type": 6, "codename": "change_session"}}, {"model": "auth.permission", "pk": 23, "fields": {"name": "Can delete session", "content_type": 6, "codename": "delete_session"}}, {"model": "auth.permission", "pk": 24, "fields": {"name": "Can view session", "content_type": 6, "codename": "view_session"}}, {"model": "auth.permission", "pk": 25, "fields": {"name": "Can add profile", "content_type": 7, "codename": "add_profile"}}, {"model": "auth.permission", "pk": 26, "fields": {"name": "Can change profile", "content_type": 7, "codename": "change_profile"}}, {"model": "auth.permission", "pk": 27, "fields": {"name": "Can delete profile", "content_type": 7, "codename": "delete_profile"}}, {"model": "auth.permission", "pk": 28, "fields": {"name": "Can view profile", "content_type": 7, "codename": "view_profile"}}, {"model": "auth.permission", "pk": 29, "fields": {"name": "Can add address", "content_type": 8, "codename": "add_address"}}, {"model": "auth.permission", "pk": 30, "fields": {"name": "Can change address", "content_type": 8, "codename": "change_address"}}, {"model": "auth.permission", "pk": 31, "fields": {"name": "Can delete address", "content_type": 8, "codename": "delete_address"}}, {"model": "auth.permission", "pk": 32, "fields": {"name": "Can view address", "content_type": 8, "codename": "view_address"}}, {"model": "auth.permission", "pk": 33, "fields": {"name": "Can add school level", "content_type": 9, "codename": "add_schoollevel"}}, {"model": "auth.permission", "pk": 34, "fields": {"name": "Can change school level", "content_type": 9, "codename": "change_schoollevel"}}, {"model": "auth.permission", "pk": 35, "fields": {"name": "Can delete school level", "content_type": 9, "codename": "delete_schoollevel"}}, {"model": "auth.permission", "pk": 36, "fields": {"name": "Can view school level", "content_type": 9, "codename": "view_schoollevel"}}, {"model": "auth.permission", "pk": 37, "fields": {"name": "Can add talmza level", "content_type": 10, "codename": "add_talmzalevel"}}, {"model": "auth.permission", "pk": 38, "fields": {"name": "Can change talmza level", "content_type": 10, "codename": "change_talmzalevel"}}, {"model": "auth.permission", "pk": 39, "fields": {"name": "Can delete talmza level", "content_type": 10, "codename": "delete_talmzalevel"}}, {"model": "auth.permission", "pk": 40, "fields": {"name": "Can view talmza level", "content_type": 10, "codename": "view_talmzalevel"}}, {"model": "auth.permission", "pk": 41, "fields": {"name": "Can add profile form log", "content_type": 11, "codename": "add_profileformlog"}}, {"model": "auth.permission", "pk": 42, "fields": {"name": "Can change profile form log", "content_type": 11, "codename": "change_profileformlog"}}, {"model": "auth.permission", "pk": 43, "fields": {"name": "Can delete profile form log", "content_type": 11, "codename": "delete_profileformlog"}}, {"model": "auth.permission", "pk": 44, "fields": {"name": "Can view profile form log", "content_type": 11, "codename": "view_profileformlog"}}, {"model": "auth.permission", "pk": 45, "fields": {"name": "Can add masreef profile form", "content_type": 12, "codename": "add_masreefprofileform"}}, {"model": "auth.permission", "pk": 46, "fields": {"name": "Can change masreef profile form", "content_type": 12, "codename": "change_masreefprofileform"}}, {"model": "auth.permission", "pk": 47, "fields": {"name": "Can delete masreef profile form", "content_type": 12, "codename": "delete_masreefprofileform"}}, {"model": "auth.permission", "pk": 48, "fields": {"name": "Can view masreef profile form", "content_type": 12, "codename": "view_masreefprofileform"}}, {"model": "auth.permission", "pk": 49, "fields": {"name": "Can add expenses profile form", "content_type": 12, "codename": "add_expensesprofileform"}}, {"model": "auth.permission", "pk": 50, "fields": {"name": "Can change expenses profile form", "content_type": 12, "codename": "change_expensesprofileform"}}, {"model": "auth.permission", "pk": 51, "fields": {"name": "Can delete expenses profile form", "content_type": 12, "codename": "delete_expensesprofileform"}}, {"model": "auth.permission", "pk": 52, "fields": {"name": "Can view expenses profile form", "content_type": 12, "codename": "view_expensesprofileform"}}, {"model": "auth.permission", "pk": 53, "fields": {"name": "Can add user permission tag", "content_type": 13, "codename": "add_userpermissiontag"}}, {"model": "auth.permission", "pk": 54, "fields": {"name": "Can change user permission tag", "content_type": 13, "codename": "change_userpermissiontag"}}, {"model": "auth.permission", "pk": 55, "fields": {"name": "Can delete user permission tag", "content_type": 13, "codename": "delete_userpermissiontag"}}, {"model": "auth.permission", "pk": 56, "fields": {"name": "Can view user permission tag", "content_type": 13, "codename": "view_userpermissiontag"}}, {"model": "auth.user", "pk": 1, "fields": {"password": "pbkdf2_sha256$600000$UQmrWAogdDcKBlPGg0dYrW$qL1mrp45R/R+q3aNPIX2RbwU+ZmZvF/7T4A/qTfC1+0=", "last_login": "2023-08-05T07:41:08.119Z", "is_superuser": true, "username": "peter", "first_name": "", "last_name": "", "email": "peter@gmail.com", "is_staff": true, "is_active": true, "date_joined": "2023-07-29T11:00:34.146Z", "groups": [], "user_permissions": []}}, {"model": "auth.user", "pk": 2, "fields": {"password": "pbkdf2_sha256$600000$F7EvCOQhCLRHpcXjaEgmXm$798hduGVb8QT0jH0kzFOb07bXGUVDRElM1cfejtAxyc=", "last_login": "2023-08-05T16:21:28.705Z", "is_superuser": true, "username": "19102929", "first_name": "", "last_name": "", "email": "kamalnadykamal@gmail.com", "is_staff": true, "is_active": true, "date_joined": "2023-07-29T11:02:06.584Z", "groups": [], "user_permissions": []}}, {"model": "auth.user", "pk": 8, "fields": {"password": "pbkdf2_sha256$600000$pDmbWAwJ9yoJw1ImNmKNFT$c1RX1OBcLVwejuKCzv5RxjqiIQxuV3RXeHfCoS2ioOM=", "last_login": null, "is_superuser": false, "username": "2300008", "first_name": "", "last_name": "", "email": "", "is_staff": false, "is_active": true, "date_joined": "2023-07-31T12:38:48Z", "groups": [], "user_permissions": []}}, {"model": "auth.user", "pk": 9, "fields": {"password": "pbkdf2_sha256$600000$V6DP2mPRsGl1am19MzZevY$Ra1zjaLOO/ompkAe6YHlxFBrV/6HZyog84Ur16RizLc=", "last_login": null, "is_superuser": false, "username": "2300009", "first_name": "", "last_name": "", "email": "", "is_staff": false, "is_active": true, "date_joined": "2023-07-31T15:53:49Z", "groups": [], "user_permissions": []}}, {"model": "auth.user", "pk": 12, "fields": {"password": "pbkdf2_sha256$600000$qTvMiherDrvOyLCbJtHyHZ$ipm+c8vZ0oeHNMcgnITaWDLekXgql5/X3XWDkAUx4AA=", "last_login": null, "is_superuser": false, "username": "2300012", "first_name": "", "last_name": "", "email": "", "is_staff": false, "is_active": true, "date_joined": "2023-07-31T15:59:50Z", "groups": [], "user_permissions": []}}, {"model": "auth.user", "pk": 13, "fields": {"password": "pbkdf2_sha256$600000$cgtauUnYSCNPZZZIUMyD4c$YHTgSOxttCyy9mTIVVNckKDhFmEU7Kax5WDjBB3udrU=", "last_login": null, "is_superuser": false, "username": "2300013", "first_name": "", "last_name": "", "email": "", "is_staff": false, "is_active": true, "date_joined": "2023-07-31T16:01:47Z", "groups": [], "user_permissions": []}}, {"model": "auth.user", "pk": 71, "fields": {"password": "pbkdf2_sha256$600000$2DbDGVG3J356kQNhNyBIZQ$1lXjKCrwWlVh6YMoH2RdI04d9UUl5w7LN4GhKSRzNHI=", "last_login": null, "is_superuser": false, "username": "2300071", "first_name": "", "last_name": "", "email": "", "is_staff": false, "is_active": true, "date_joined": "2023-08-04T04:47:07.057Z", "groups": [], "user_permissions": []}}, {"model": "auth.user", "pk": 72, "fields": {"password": "pbkdf2_sha256$600000$KOxcKXrFLkMNkPDSNijFI2$mAxJDIc2rSmml5Olm4Ukcz7vUNPJVd1PKRWHpm9rJ+0=", "last_login": "2023-08-05T07:27:43.400Z", "is_superuser": false, "username": "2300072", "first_name": "", "last_name": "", "email": "", "is_staff": false, "is_active": true, "date_joined": "2023-08-05T07:25:53.690Z", "groups": [], "user_permissions": []}}, {"model": "auth.user", "pk": 73, "fields": {"password": "pbkdf2_sha256$600000$WPiqCqZ0KgNCYQj8NMmETK$T3EydN5OcofaISmmKkbaN+O9jY0Ig2QqkoohtWq9SgY=", "last_login": null, "is_superuser": false, "username": "2300073", "first_name": "", "last_name": "", "email": "", "is_staff": false, "is_active": true, "date_joined": "2023-08-05T07:28:47.516Z", "groups": [], "user_permissions": []}}, {"model": "auth.user", "pk": 74, "fields": {"password": "pbkdf2_sha256$600000$kbRJAQX2T1a7nvHgsz7itD$yyBtICaIdNtPA2ET5oVunyaRAe0dr+pTtd5Lx5qonrQ=", "last_login": null, "is_superuser": false, "username": "2300074", "first_name": "", "last_name": "", "email": "", "is_staff": false, "is_active": true, "date_joined": "2023-08-05T07:31:37.618Z", "groups": [], "user_permissions": []}}, {"model": "auth.user", "pk": 75, "fields": {"password": "pbkdf2_sha256$600000$gHFpwXRHTtpCcq5MtL25ji$aSujcqa+CFe1xnOkJnJyqtBFHKTd6nym+XPU1yompq4=", "last_login": null, "is_superuser": false, "username": "2300075", "first_name": "", "last_name": "", "email": "", "is_staff": false, "is_active": true, "date_joined": "2023-08-05T07:32:46.493Z", "groups": [], "user_permissions": []}}, {"model": "auth.user", "pk": 76, "fields": {"password": "pbkdf2_sha256$600000$m8mnHjat6ytsj7LrGSABWi$Ey9vQtcbpunp+sgret48oTHWI8DHkWEEzDinA6pohmI=", "last_login": null, "is_superuser": false, "username": "2300076", "first_name": "", "last_name": "", "email": "", "is_staff": false, "is_active": true, "date_joined": "2023-08-05T07:33:34.676Z", "groups": [], "user_permissions": []}}, {"model": "auth.user", "pk": 77, "fields": {"password": "pbkdf2_sha256$600000$OcvSfJKDU1fJjdmQuqV3rA$UQ5sMo3+n/RPTMFtphksg3aTlHkrFdnEBWTspM2wSt0=", "last_login": null, "is_superuser": false, "username": "2300077", "first_name": "", "last_name": "", "email": "", "is_staff": false, "is_active": true, "date_joined": "2023-08-05T07:35:36.370Z", "groups": [], "user_permissions": []}}, {"model": "contenttypes.contenttype", "pk": 1, "fields": {"app_label": "admin", "model": "logentry"}}, {"model": "contenttypes.contenttype", "pk": 2, "fields": {"app_label": "auth", "model": "permission"}}, {"model": "contenttypes.contenttype", "pk": 3, "fields": {"app_label": "auth", "model": "group"}}, {"model": "contenttypes.contenttype", "pk": 4, "fields": {"app_label": "auth", "model": "user"}}, {"model": "contenttypes.contenttype", "pk": 5, "fields": {"app_label": "contenttypes", "model": "contenttype"}}, {"model": "contenttypes.contenttype", "pk": 6, "fields": {"app_label": "sessions", "model": "session"}}, {"model": "contenttypes.contenttype", "pk": 7, "fields": {"app_label": "users", "model": "profile"}}, {"model": "contenttypes.contenttype", "pk": 8, "fields": {"app_label": "users", "model": "address"}}, {"model": "contenttypes.contenttype", "pk": 9, "fields": {"app_label": "users", "model": "schoollevel"}}, {"model": "contenttypes.contenttype", "pk": 10, "fields": {"app_label": "users", "model": "talmzalevel"}}, {"model": "contenttypes.contenttype", "pk": 11, "fields": {"app_label": "users", "model": "profileformlog"}}, {"model": "contenttypes.contenttype", "pk": 12, "fields": {"app_label": "users", "model": "expensesprofileform"}}, {"model": "contenttypes.contenttype", "pk": 13, "fields": {"app_label": "users", "model": "userpermissiontag"}}, {"model": "sessions.session", "pk": "mger2oqlnw6he8i96zr5euntu1hqe7ra", "fields": {"session_data": ".eJxVjkEOwiAURO_C2pAPSClduvcM5AMfixowpU00xrtrTRe6nfdmMk_mcJlHtzSaXI5sYILtfjOP4UJlBfGM5VR5qGWesuerwjfa-LFGuh42929gxDZ-2uAFoAkSKGifegFSdUqoZFH3lNDE5HsppMSgSavOQjLRe63J7IX14fuqUWu5Fkf3W54ebJDaSgDg8HoDh9VAuQ:1qSBuO:AHZdQdIPujxOnFlEJzEy5_dQFR7yd2iRXGx1ZRdkN1c", "expire_date": "2023-09-04T07:41:08.158Z"}}, {"model": "sessions.session", "pk": "se8bffh38w8lu0x5dd18xkvx29r6h1cr", "fields": {"session_data": ".eJxVjEEOwiAQRe_C2hAGpIBL9z0DmYFBqoYmpV0Z765NutDtf-_9l4i4rTVunZc4ZXERIE6_G2F6cNtBvmO7zTLNbV0mkrsiD9rlOGd-Xg_376Bir99aESh0SStOlooHpc1gwJSA1nNBlwt5DVpjsmzNEFRxmchadmcIlEC8P-DAN-w:1qPhrS:y_2ERsBCwP17jBZA15IVLnCdEH7NoTOjnyzoyAr6kbM", "expire_date": "2023-08-12T11:11:50.142Z"}}, {"model": "sessions.session", "pk": "u2c0rwrh215uovp1gz5key43zuvipv2o", "fields": {"session_data": ".eJxVjMEOwiAQRP-FsyGlyAIevfsNhN0FqRpISnsy_rtt0oPOcd6beYsQ16WEtac5TCwuYhSn3w4jPVPdAT9ivTdJrS7zhHJX5EG7vDVOr-vh_h2U2Mu2Nm7MbkuOMDCRdqwQwCuH1mUP7DOiBcV5QOWtRnBJG3NOpCkSGhCfL-SzOCo:1qSK1w:l_PhpDuEGLg9h78vAGZYF2e5U8iddB8jT-GKC0xmPzI", "expire_date": "2023-08-19T16:21:28.710Z"}}, {"model": "users.address", "pk": "009a3ab0-6225-4a8a-b1b3-c78ef44b59ea", "fields": {"building": null, "street": null, "branches_from": null, "floor": null, "apartment_number": null, "residential_complexes": null, "district": null, "additional_details": ""}}, {"model": "users.address", "pk": "12c7edb3-d8c3-45b7-95b5-d3ee5d9a9e17", "fields": {"building": "┘ä┘ê╪¬╪│", "street": "╪¼┘à┘è┘ä╪⌐ ╪º╪¿┘ê ╪¡╪▒┘è╪»", "branches_from": "┘è╪º┘é┘ê╪¬ ╪º┘ä╪¡┘à┘ê┘è", "floor": "7", "apartment_number": "704", "residential_complexes": "", "district": "╪º┘ä╪│┘è┘ê┘ü", "additional_details": ""}}, {"model": "users.address", "pk": "2e3f9832-b2f1-4c5c-ab9b-f5659b34ae75", "fields": {"building": "┘ä┘ê╪¬╪│", "street": "╪¼┘à┘è┘ä╪⌐ ╪º╪¿┘ê ╪¡╪▒┘è╪»", "branches_from": "┘è┘é┘ê╪¬ ╪º┘ä╪¡┘à┘ê┘è", "floor": "7", "apartment_number": "704", "residential_complexes": null, "district": "╪º┘ä╪│┘è┘ê┘ü", "additional_details": "╪¿╪¼┘ê╪º╪▒ ┘à╪º╪▒┘â╪¬ ┘à╪╡╪¿╪º╪¡"}}, {"model": "users.address", "pk": "6b0ef658-4ed5-4112-80f3-5518a8f7696a", "fields": {"building": "", "street": "", "branches_from": "", "floor": "", "apartment_number": "", "residential_complexes": "", "district": "", "additional_details": ""}}, {"model": "users.address", "pk": "70af8ad7-ae18-4fe0-9c7b-ac0393df8f17", "fields": {"building": "", "street": "", "branches_from": "", "floor": "", "apartment_number": "", "residential_complexes": "", "district": "", "additional_details": ""}}, {"model": "users.address", "pk": "72e74c5f-e753-4852-8ad8-7fd2d76783dd", "fields": {"building": "┘ä┘ê╪¬╪│", "street": "╪¼┘à┘è┘ä╪⌐ ╪º╪¿┘ê ╪¡╪▒┘è╪»", "branches_from": "┘è┘é┘ê╪¬ ╪º┘ä╪¡┘à┘ê┘è", "floor": "7", "apartment_number": "704", "residential_complexes": null, "district": "╪º┘ä╪│┘è┘ê┘ü", "additional_details": "╪¿╪¼┘ê╪º╪▒ ┘à╪º╪▒┘â╪¬ ┘à╪╡╪¿╪º╪¡"}}, {"model": "users.address", "pk": "78aa31dc-39a6-439d-86c4-de949b463f13", "fields": {"building": "", "street": "", "branches_from": "", "floor": "", "apartment_number": "", "residential_complexes": "", "district": "", "additional_details": ""}}, {"model": "users.address", "pk": "89edfa08-8b16-4298-a620-6bd42dda3549", "fields": {"building": "", "street": "", "branches_from": "", "floor": "", "apartment_number": "", "residential_complexes": "", "district": "", "additional_details": ""}}, {"model": "users.address", "pk": "b89df091-29ff-400d-84b0-3034d7e14933", "fields": {"building": "", "street": "", "branches_from": "", "floor": "", "apartment_number": "", "residential_complexes": "", "district": "", "additional_details": ""}}, {"model": "users.address", "pk": "b8e42c89-a886-4ec6-9f96-095c6c29f573", "fields": {"building": "┘ä┘ê╪¬╪│", "street": "╪¼┘à┘è┘ä╪⌐ ╪º╪¿┘ê ╪¡╪▒┘è╪»", "branches_from": "┘è┘é┘ê╪¬ ╪º┘ä╪¡┘à┘ê┘è", "floor": "7", "apartment_number": "704", "residential_complexes": null, "district": "╪º┘ä╪│┘è┘ê┘ü", "additional_details": "╪¿╪¼┘ê╪º╪▒ ┘à╪º╪▒┘â╪¬ ┘à╪╡╪¿╪º╪¡"}}, {"model": "users.address", "pk": "c76010b9-a1bd-4239-9140-7c1115789b85", "fields": {"building": "┘ä┘ê╪¬╪│", "street": "╪¼┘à┘è┘ä╪⌐ ╪º╪¿┘ê ╪¡╪▒┘è╪»", "branches_from": "┘è┘é┘ê╪¬ ╪º┘ä╪¡┘à┘ê┘è", "floor": "7", "apartment_number": "704", "residential_complexes": null, "district": "╪º┘ä╪│┘è┘ê┘ü", "additional_details": "╪¿╪¼┘ê╪º╪▒ ┘à╪º╪▒┘â╪¬ ┘à╪╡╪¿╪º╪¡"}}, {"model": "users.address", "pk": "ca7e12b6-e41f-4682-b537-f82fb3647df1", "fields": {"building": "", "street": "", "branches_from": "", "floor": "", "apartment_number": "", "residential_complexes": "", "district": "", "additional_details": ""}}, {"model": "users.address", "pk": "d2ddba10-4276-47fe-a391-a39a5ff08b35", "fields": {"building": "", "street": "", "branches_from": "", "floor": "", "apartment_number": "", "residential_complexes": "", "district": "", "additional_details": ""}}, {"model": "users.address", "pk": "ee026d8d-40b2-419c-8d4e-ff08049b7c9d", "fields": {"building": "┘ä┘ê╪¬╪│", "street": "╪¼┘à┘è┘ä╪⌐ ╪º╪¿┘ê ╪¡╪▒┘è╪»", "branches_from": "┘è┘é┘ê╪¬ ╪º┘ä╪¡┘à┘ê┘è", "floor": "7", "apartment_number": "704", "residential_complexes": null, "district": "╪º┘ä╪│┘è┘ê┘ü", "additional_details": "╪¿╪¼┘ê╪º╪▒ ┘à╪º╪▒┘â╪¬ ┘à╪╡╪¿╪º╪¡"}}, {"model": "users.talmzalevel", "pk": "32e4d997-c061-4018-8a06-02e2cf0aef57", "fields": {"level_name": "╪º┘é┘ä ┘à┘å ╪¬┘à┘ç┘è╪»┘è", "level_number": 0, "number_of_years": 1, "next_level": "d2be3f99-4708-4d55-bee7-49c24094c125", "prevues_level": null}}, {"model": "users.talmzalevel", "pk": "362754ed-35c2-41e8-8cfc-adc7b1178191", "fields": {"level_name": "╪º┘ä╪▒╪º╪¿╪╣", "level_number": 5, "number_of_years": 2, "next_level": null, "prevues_level": "ba6c0d1e-e63d-4d27-a689-c55e65611bd6"}}, {"model": "users.talmzalevel", "pk": "6b3aa176-2544-403e-8c05-a51fd36a4351", "fields": {"level_name": "╪º┘ä╪½╪º┘å┘è", "level_number": 3, "number_of_years": 2, "next_level": "ba6c0d1e-e63d-4d27-a689-c55e65611bd6", "prevues_level": "74f581f3-cca0-4506-beb3-95a8c938203a"}}, {"model": "users.talmzalevel", "pk": "74f581f3-cca0-4506-beb3-95a8c938203a", "fields": {"level_name": "╪º┘ä╪ú┘ê┘ä", "level_number": 2, "number_of_years": 2, "next_level": "6b3aa176-2544-403e-8c05-a51fd36a4351", "prevues_level": "d2be3f99-4708-4d55-bee7-49c24094c125"}}, {"model": "users.talmzalevel", "pk": "ba6c0d1e-e63d-4d27-a689-c55e65611bd6", "fields": {"level_name": "╪º┘ä╪½╪º┘ä╪½", "level_number": 4, "number_of_years": 2, "next_level": "362754ed-35c2-41e8-8cfc-adc7b1178191", "prevues_level": "6b3aa176-2544-403e-8c05-a51fd36a4351"}}, {"model": "users.talmzalevel", "pk": "d2be3f99-4708-4d55-bee7-49c24094c125", "fields": {"level_name": "╪¬┘à┘ç┘è╪»┘è", "level_number": 1, "number_of_years": 2, "next_level": "74f581f3-cca0-4506-beb3-95a8c938203a", "prevues_level": "32e4d997-c061-4018-8a06-02e2cf0aef57"}}, {"model": "users.schoollevel", "pk": "07889dac-ae48-48b8-8d2b-683ee35d8ab2", "fields": {"level_name": "╪«╪▒┘è╪¼", "level_number": 6, "number_of_years": null, "next_level": null, "prevues_level": "0b23ec22-3483-4227-884e-177432bc0b1f"}}, {"model": "users.schoollevel", "pk": "0b23ec22-3483-4227-884e-177432bc0b1f", "fields": {"level_name": "╪¼╪º┘à╪╣╪⌐", "level_number": 5, "number_of_years": null, "next_level": "07889dac-ae48-48b8-8d2b-683ee35d8ab2", "prevues_level": "c8fa8e83-73f0-45e5-a820-5e2c7d919239"}}, {"model": "users.schoollevel", "pk": "410faf62-e732-4eb4-99bd-0ad117730406", "fields": {"level_name": "╪º┘é┘ä ┘à┘å ╪¡╪╢╪º┘å╪⌐", "level_number": 0, "number_of_years": null, "next_level": "d0b12a75-71bc-40e4-94ed-9745a604bef3", "prevues_level": null}}, {"model": "users.schoollevel", "pk": "750700e2-0aa9-462f-83a8-de322f87cc7e", "fields": {"level_name": "╪º┘ä╪Ñ╪╣╪»╪º╪»┘è", "level_number": 3, "number_of_years": 3, "next_level": "c8fa8e83-73f0-45e5-a820-5e2c7d919239", "prevues_level": "af153d90-953b-48e6-b8d8-ffa6e2a32320"}}, {"model": "users.schoollevel", "pk": "af153d90-953b-48e6-b8d8-ffa6e2a32320", "fields": {"level_name": "╪º┘ä╪º╪¿╪¬╪»╪º╪ª┘è", "level_number": 2, "number_of_years": 6, "next_level": "750700e2-0aa9-462f-83a8-de322f87cc7e", "prevues_level": "d0b12a75-71bc-40e4-94ed-9745a604bef3"}}, {"model": "users.schoollevel", "pk": "c8fa8e83-73f0-45e5-a820-5e2c7d919239", "fields": {"level_name": "╪½╪º┘å┘ê┘è", "level_number": 4, "number_of_years": 3, "next_level": "0b23ec22-3483-4227-884e-177432bc0b1f", "prevues_level": "750700e2-0aa9-462f-83a8-de322f87cc7e"}}, {"model": "users.schoollevel", "pk": "d0b12a75-71bc-40e4-94ed-9745a604bef3", "fields": {"level_name": "╪¡╪╢╪º┘å╪⌐", "level_number": 1, "number_of_years": 2, "next_level": "af153d90-953b-48e6-b8d8-ffa6e2a32320", "prevues_level": "410faf62-e732-4eb4-99bd-0ad117730406"}}, {"model": "users.profile", "pk": "02c21865-fca2-4ab5-b360-10af0f546e59", "fields": {"user": 2, "name": "┘â┘à╪º┘ä ┘å╪º╪»┘è ┘â┘à╪º┘ä ╪│┘è╪»┘ç┘à", "birthdate": "2001-09-24", "talmza_level": "362754ed-35c2-41e8-8cfc-adc7b1178191", "current_talmza_level_year": 1, "school_level": "0b23ec22-3483-4227-884e-177432bc0b1f", "current_school_level_year": 1, "address": "009a3ab0-6225-4a8a-b1b3-c78ef44b59ea", "job": null, "gender": "M", "phone_number": null, "father_phone_number": null, "mother_phone_number": null, "mobile_follow_up_on_WhatsApp": null, "confession_father": null, "church": "┘â┘å┘è╪│╪⌐ ╪º┘ä╪│┘è╪»╪⌐ ╪º┘ä╪╣╪░╪▒╪º╪í ┘à╪▒┘è┘à ┘ê ╪º┘ä╪┤┘ç┘è╪» ┘à╪º╪▒╪¼╪▒╪¼╪│ ╪¿╪║╪¿╪▒┘è╪º┘ä", "deaconess": "╪ú╪║╪│", "profile_image": "images/profiles/user-default.png"}}, {"model": "users.profile", "pk": "1353ef37-5794-42b0-be47-bf1c60e744c1", "fields": {"user": 72, "name": "oo kamal sedhom abdelshahed", "birthdate": "1990-11-14", "talmza_level": "6b3aa176-2544-403e-8c05-a51fd36a4351", "current_talmza_level_year": 2, "school_level": "af153d90-953b-48e6-b8d8-ffa6e2a32320", "current_school_level_year": 4, "address": "89edfa08-8b16-4298-a620-6bd42dda3549", "job": null, "gender": "M", "phone_number": null, "father_phone_number": null, "mother_phone_number": null, "mobile_follow_up_on_WhatsApp": null, "confession_father": null, "church": "┘â┘å┘è╪│╪⌐ ╪º┘ä╪│┘è╪»╪⌐ ╪º┘ä╪╣╪░╪▒╪º╪í ┘à╪▒┘è┘à ┘ê ╪º┘ä╪┤┘ç┘è╪» ┘à╪º╪▒╪¼╪▒╪¼╪│ ╪¿╪║╪¿╪▒┘è╪º┘ä", "deaconess": "╪║┘è╪▒", "profile_image": "images/profiles/user-default.png"}}, {"model": "users.profile", "pk": "30438371-1291-4ebd-9a94-23b19ae7b180", "fields": {"user": 12, "name": "┘à┘è┘å╪º ╪╣┘à╪º╪» ╪¿┘è╪┤┘ê┘è ┘ü╪¬╪¡┘èX", "birthdate": "2016-07-12", "talmza_level": "362754ed-35c2-41e8-8cfc-adc7b1178191", "current_talmza_level_year": 2, "school_level": "0b23ec22-3483-4227-884e-177432bc0b1f", "current_school_level_year": 1, "address": "c76010b9-a1bd-4239-9140-7c1115789b85", "job": null, "gender": "M", "phone_number": "01234567890", "father_phone_number": "01234567890", "mother_phone_number": "01234567890", "mobile_follow_up_on_WhatsApp": "01234567890", "confession_father": "╪º╪¿┘ê┘å╪º ╪¿┘ê┘ä╪º", "church": "┘â┘å┘è╪│╪⌐ ╪º┘ä╪│┘è╪»╪⌐ ╪º┘ä╪╣╪░╪▒╪º╪í ┘à╪▒┘è┘à ┘ê ╪º┘ä╪┤┘ç┘è╪» ┘à╪º╪▒╪¼╪▒╪¼╪│ ╪¿╪║╪¿╪▒┘è╪º┘ä", "deaconess": "╪ú╪║╪│", "profile_image": "images/profiles/user-default.png"}}, {"model": "users.profile", "pk": "3f2bdf83-8d1f-4d33-89a1-5fef9b431b07", "fields": {"user": 75, "name": "dsa kamal sedhom abdelshahed", "birthdate": "1990-11-14", "talmza_level": "6b3aa176-2544-403e-8c05-a51fd36a4351", "current_talmza_level_year": 2, "school_level": "af153d90-953b-48e6-b8d8-ffa6e2a32320", "current_school_level_year": 4, "address": "d2ddba10-4276-47fe-a391-a39a5ff08b35", "job": null, "gender": "M", "phone_number": null, "father_phone_number": null, "mother_phone_number": null, "mobile_follow_up_on_WhatsApp": null, "confession_father": null, "church": "┘â┘å┘è╪│╪⌐ ╪º┘ä╪│┘è╪»╪⌐ ╪º┘ä╪╣╪░╪▒╪º╪í ┘à╪▒┘è┘à ┘ê ╪º┘ä╪┤┘ç┘è╪» ┘à╪º╪▒╪¼╪▒╪¼╪│ ╪¿╪║╪¿╪▒┘è╪º┘ä", "deaconess": "╪║┘è╪▒", "profile_image": "images/profiles/user-default.png"}}, {"model": "users.profile", "pk": "9a5b4b4f-9120-4e5b-81da-fc57a2dbaa73", "fields": {"user": 74, "name": ";;; kamal sedhom abdelshahed", "birthdate": "1990-11-14", "talmza_level": "6b3aa176-2544-403e-8c05-a51fd36a4351", "current_talmza_level_year": 2, "school_level": "af153d90-953b-48e6-b8d8-ffa6e2a32320", "current_school_level_year": 4, "address": "78aa31dc-39a6-439d-86c4-de949b463f13", "job": null, "gender": "M", "phone_number": null, "father_phone_number": null, "mother_phone_number": null, "mobile_follow_up_on_WhatsApp": null, "confession_father": null, "church": "┘â┘å┘è╪│╪⌐ ╪º┘ä╪│┘è╪»╪⌐ ╪º┘ä╪╣╪░╪▒╪º╪í ┘à╪▒┘è┘à ┘ê ╪º┘ä╪┤┘ç┘è╪» ┘à╪º╪▒╪¼╪▒╪¼╪│ ╪¿╪║╪¿╪▒┘è╪º┘ä", "deaconess": "╪║┘è╪▒", "profile_image": "images/profiles/user-default.png"}}, {"model": "users.profile", "pk": "a9ae08e4-16a0-4237-af3b-c872f789ee79", "fields": {"user": 13, "name": "╪▒┘è╪¬╪º ╪¼┘à╪º┘ä ┘à┘ä╪º┘â ╪┤╪▒╪¿╪º╪¬X", "birthdate": "2016-07-12", "talmza_level": "32e4d997-c061-4018-8a06-02e2cf0aef57", "current_talmza_level_year": 1, "school_level": "410faf62-e732-4eb4-99bd-0ad117730406", "current_school_level_year": 1, "address": "72e74c5f-e753-4852-8ad8-7fd2d76783dd", "job": null, "gender": "F", "phone_number": "01234567890", "father_phone_number": "01234567890", "mother_phone_number": "01234567890", "mobile_follow_up_on_WhatsApp": "01234567890", "confession_father": "╪º╪¿┘ê┘å╪º ╪¿┘ê┘ä╪º", "church": "┘â┘å┘è╪│╪⌐ ╪º┘ä╪│┘è╪»╪⌐ ╪º┘ä╪╣╪░╪▒╪º╪í ┘à╪▒┘è┘à ┘ê ╪º┘ä╪┤┘ç┘è╪» ┘à╪º╪▒╪¼╪▒╪¼╪│ ╪¿╪║╪¿╪▒┘è╪º┘ä", "deaconess": "╪Ñ╪¿╪│", "profile_image": "images/profiles/user-default.png"}}, {"model": "users.profile", "pk": "b27d3b20-9f9c-4b81-bc38-de70d4996bbb", "fields": {"user": 9, "name": "╪¼┘ê╪▒╪¼ ╪│╪»┘é┘è ┘à╪¬╪¡╪¬ ╪╣╪¿╪»╪º┘ä╪║┘ü┘ê╪▒X", "birthdate": "2016-07-12", "talmza_level": "74f581f3-cca0-4506-beb3-95a8c938203a", "current_talmza_level_year": 2, "school_level": "af153d90-953b-48e6-b8d8-ffa6e2a32320", "current_school_level_year": 6, "address": "b8e42c89-a886-4ec6-9f96-095c6c29f573", "job": null, "gender": "M", "phone_number": "01234567890", "father_phone_number": "01234567890", "mother_phone_number": "01234567890", "mobile_follow_up_on_WhatsApp": "01234567890", "confession_father": "╪º╪¿┘ê┘å╪º ╪▒┘ê┘è╪│", "church": "┘â┘å┘è╪│╪⌐ ╪º┘ä╪│┘è╪»╪⌐ ╪º┘ä╪╣╪░╪▒╪º╪í ┘à╪▒┘è┘à ┘ê ╪º┘ä╪┤┘ç┘è╪» ┘à╪º╪▒╪¼╪▒╪¼╪│ ╪¿╪║╪¿╪▒┘è╪º┘ä", "deaconess": "╪║┘è╪▒", "profile_image": "images/profiles/user-default.png"}}, {"model": "users.profile", "pk": "b48dcf46-6c5e-4d74-b3eb-3cce2477ac21", "fields": {"user": 73, "name": "fataa7 kamal sedhom abdelshahed", "birthdate": "1990-11-14", "talmza_level": "6b3aa176-2544-403e-8c05-a51fd36a4351", "current_talmza_level_year": 2, "school_level": "af153d90-953b-48e6-b8d8-ffa6e2a32320", "current_school_level_year": 4, "address": "b89df091-29ff-400d-84b0-3034d7e14933", "job": null, "gender": "M", "phone_number": null, "father_phone_number": null, "mother_phone_number": null, "mobile_follow_up_on_WhatsApp": null, "confession_father": null, "church": "┘â┘å┘è╪│╪⌐ ╪º┘ä╪│┘è╪»╪⌐ ╪º┘ä╪╣╪░╪▒╪º╪í ┘à╪▒┘è┘à ┘ê ╪º┘ä╪┤┘ç┘è╪» ┘à╪º╪▒╪¼╪▒╪¼╪│ ╪¿╪║╪¿╪▒┘è╪º┘ä", "deaconess": "╪║┘è╪▒", "profile_image": "images/profiles/user-default.png"}}, {"model": "users.profile", "pk": "bbf8e49a-eff3-4a5b-a421-6fac13c1bf09", "fields": {"user": 77, "name": "pp kamal sedhom abdelshahed", "birthdate": "1990-11-14", "talmza_level": "6b3aa176-2544-403e-8c05-a51fd36a4351", "current_talmza_level_year": 2, "school_level": "af153d90-953b-48e6-b8d8-ffa6e2a32320", "current_school_level_year": 4, "address": "ca7e12b6-e41f-4682-b537-f82fb3647df1", "job": null, "gender": "M", "phone_number": null, "father_phone_number": null, "mother_phone_number": null, "mobile_follow_up_on_WhatsApp": null, "confession_father": null, "church": "┘â┘å┘è╪│╪⌐ ╪º┘ä╪│┘è╪»╪⌐ ╪º┘ä╪╣╪░╪▒╪º╪í ┘à╪▒┘è┘à ┘ê ╪º┘ä╪┤┘ç┘è╪» ┘à╪º╪▒╪¼╪▒╪¼╪│ ╪¿╪║╪¿╪▒┘è╪º┘ä", "deaconess": "╪║┘è╪▒", "profile_image": "images/profiles/user-default.png"}}, {"model": "users.profile", "pk": "c2973b75-0642-46c3-8a4e-6eac95f4b4cc", "fields": {"user": 1, "name": "╪¿┘è╪¬╪▒ ┘å╪º╪»┘è ┘â┘à╪º┘ä ╪│┘è╪»┘ç┘à", "birthdate": null, "talmza_level": null, "current_talmza_level_year": 1, "school_level": null, "current_school_level_year": 1, "address": null, "job": null, "gender": "", "phone_number": null, "father_phone_number": null, "mother_phone_number": null, "mobile_follow_up_on_WhatsApp": null, "confession_father": null, "church": "┘â┘å┘è╪│╪⌐ ╪º┘ä╪│┘è╪»╪⌐ ╪º┘ä╪╣╪░╪▒╪º╪í ┘à╪▒┘è┘à ┘ê ╪º┘ä╪┤┘ç┘è╪» ┘à╪º╪▒╪¼╪▒╪¼╪│ ╪¿╪║╪¿╪▒┘è╪º┘ä", "deaconess": "", "profile_image": "images/profiles/user-default.png"}}, {"model": "users.profile", "pk": "cbc39be9-18d8-4e5b-9daf-cbd70950022b", "fields": {"user": 76, "name": "ghk kamal sedhom abdelshahed", "birthdate": "1990-11-14", "talmza_level": "6b3aa176-2544-403e-8c05-a51fd36a4351", "current_talmza_level_year": 2, "school_level": "af153d90-953b-48e6-b8d8-ffa6e2a32320", "current_school_level_year": 4, "address": "6b0ef658-4ed5-4112-80f3-5518a8f7696a", "job": null, "gender": "M", "phone_number": null, "father_phone_number": null, "mother_phone_number": null, "mobile_follow_up_on_WhatsApp": null, "confession_father": null, "church": "┘â┘å┘è╪│╪⌐ ╪º┘ä╪│┘è╪»╪⌐ ╪º┘ä╪╣╪░╪▒╪º╪í ┘à╪▒┘è┘à ┘ê ╪º┘ä╪┤┘ç┘è╪» ┘à╪º╪▒╪¼╪▒╪¼╪│ ╪¿╪║╪¿╪▒┘è╪º┘ä", "deaconess": "╪║┘è╪▒", "profile_image": "images/profiles/user-default.png"}}, {"model": "users.profile", "pk": "d4dd0583-4502-4033-a612-56088cfc53ec", "fields": {"user": 8, "name": "╪¼╪▒╪¼╪│ ╪╣╪¿┘è╪» ┘à╪¡┘à┘ê╪» ╪╣┘à╪º╪»X", "birthdate": "2016-02-16", "talmza_level": "74f581f3-cca0-4506-beb3-95a8c938203a", "current_talmza_level_year": 1, "school_level": "af153d90-953b-48e6-b8d8-ffa6e2a32320", "current_school_level_year": 1, "address": "2e3f9832-b2f1-4c5c-ab9b-f5659b34ae75", "job": null, "gender": "M", "phone_number": "01234567890", "father_phone_number": "01234567890", "mother_phone_number": "01234567890", "mobile_follow_up_on_WhatsApp": "01234567890", "confession_father": "╪º╪¿┘ê┘å╪º ┘â╪º╪▒╪º╪│", "church": "┘â┘å┘è╪│╪⌐ ╪º┘ä╪│┘è╪»╪⌐ ╪º┘ä╪╣╪░╪▒╪º╪í ┘à╪▒┘è┘à ┘ê ╪º┘ä╪┤┘ç┘è╪» ┘à╪º╪▒╪¼╪▒╪¼╪│ ╪¿╪║╪¿╪▒┘è╪º┘ä", "deaconess": "╪║┘è╪▒", "profile_image": "images/profiles/user-default.png"}}, {"model": "users.profile", "pk": "ffae898d-feed-4f55-a668-2d601e666f66", "fields": {"user": 71, "name": "┘à╪▒┘è┘à ╪│╪º┘à┘ë ╪╡╪º╪»┘é ┘à╪│╪╣╪»", "birthdate": "2016-03-04", "talmza_level": "74f581f3-cca0-4506-beb3-95a8c938203a", "current_talmza_level_year": 1, "school_level": "af153d90-953b-48e6-b8d8-ffa6e2a32320", "current_school_level_year": 1, "address": "12c7edb3-d8c3-45b7-95b5-d3ee5d9a9e17", "job": null, "gender": "F", "phone_number": "01222906083", "father_phone_number": null, "mother_phone_number": "01234567890", "mobile_follow_up_on_WhatsApp": null, "confession_father": "╪º╪¿┘ê┘å╪⌐ ╪▒┘ê┘è╪│", "church": "┘â┘å┘è╪│╪⌐ ╪º┘ä╪│┘è╪»╪⌐ ╪º┘ä╪╣╪░╪▒╪º╪í ┘à╪▒┘è┘à ┘ê ╪º┘ä╪┤┘ç┘è╪» ┘à╪º╪▒╪¼╪▒╪¼╪│ ╪¿╪║╪¿╪▒┘è╪º┘ä", "deaconess": "╪║┘è╪▒", "profile_image": "images/profiles/Untitled-1.png"}}, {"model": "users.expensesprofileform", "pk": "0a0b4cba-ad5d-4189-bb6d-f139f669b87b", "fields": {"year": "2023", "amount_of_money_payed": 35, "created_for": "cbc39be9-18d8-4e5b-9daf-cbd70950022b"}}, {"model": "users.expensesprofileform", "pk": "20163d65-9dab-46f5-9581-cef70fb07dfa", "fields": {"year": "2023", "amount_of_money_payed": 35, "created_for": "9a5b4b4f-9120-4e5b-81da-fc57a2dbaa73"}}, {"model": "users.expensesprofileform", "pk": "3a6a94c9-871d-49af-8026-3b1aca6f4dab", "fields": {"year": "2023", "amount_of_money_payed": 35, "created_for": "1353ef37-5794-42b0-be47-bf1c60e744c1"}}, {"model": "users.expensesprofileform", "pk": "4b1508b0-c4f1-4fed-9f7c-3d8b9665906f", "fields": {"year": "2023", "amount_of_money_payed": 26, "created_for": null}}, {"model": "users.expensesprofileform", "pk": "4bee3106-6413-48e8-b015-df46574893ec", "fields": {"year": "2023", "amount_of_money_payed": 35, "created_for": "bbf8e49a-eff3-4a5b-a421-6fac13c1bf09"}}, {"model": "users.expensesprofileform", "pk": "55b9ec9d-0cb0-40dc-8231-15854fe41a31", "fields": {"year": "2023", "amount_of_money_payed": 30, "created_for": null}}, {"model": "users.expensesprofileform", "pk": "5f0b856c-f547-4f4e-90de-32b6ac326a68", "fields": {"year": "2023", "amount_of_money_payed": 10, "created_for": "ffae898d-feed-4f55-a668-2d601e666f66"}}, {"model": "users.expensesprofileform", "pk": "7d643251-c28e-44b8-a2c2-6e4b772fe0f1", "fields": {"year": "2023", "amount_of_money_payed": 35, "created_for": "3f2bdf83-8d1f-4d33-89a1-5fef9b431b07"}}, {"model": "users.expensesprofileform", "pk": "a8a8340c-6f2f-4c0c-b9e1-c3eedf193bf3", "fields": {"year": "2023", "amount_of_money_payed": 30, "created_for": null}}, {"model": "users.expensesprofileform", "pk": "c0970c03-38d6-4bee-8b4f-85ccca452c07", "fields": {"year": "2023", "amount_of_money_payed": 20, "created_for": null}}, {"model": "users.expensesprofileform", "pk": "e80df91e-64ab-4629-ab54-10e7b7fe49bf", "fields": {"year": "2023", "amount_of_money_payed": 35, "created_for": "b48dcf46-6c5e-4d74-b3eb-3cce2477ac21"}}]
